Lexical item,Level,Avanzado,Inicial,Intermedio,Adulta,Infantil,Juvenil,Native
A cobro revertido,B2,0,0,0,0,0,0,0
A fuego lento,B2,0,0,0,1,0,0,0
A la derecha,A1-A2,3,9,4,0,0,2,3
A la derecha de,A1-A2,1,2,0,0,0,2,0
A la izquierda,A1-A2,0,3,4,1,0,1,1
A la izquierda de,A1-A2,0,0,0,0,0,0,0
A la plancha,A1-A2,0,0,0,0,0,0,0
A pie,A1-A2,12,0,1,2,0,1,1
A tiempo completo,A1-A2,0,0,0,0,0,0,2
A tiempo parcial,A1-A2,0,0,0,0,0,0,3
ADSL,B2,0,0,0,0,0,0,0
Abdominales,B1,0,0,0,0,0,0,0
Abeja,B1,0,0,0,2,0,0,0
Abierto,A1-A2,4,16,17,19,17,19,44
Abogado,A1-A2,1,6,5,1,0,1,12
Abogado criminalista,B2,0,0,0,0,0,0,0
Abogado defensor,B2,1,0,0,0,0,0,0
Abono orgánico,B2,0,0,0,0,0,0,0
Abrigo,A1-A2,1,0,5,1,8,16,3
Abril,A1-A2,1,3,4,0,0,0,21
Abrir una cuenta,B1,0,0,0,0,0,0,0
Abrochar,A1-A2,0,0,0,0,0,0,0
Abrocharse,A1-A2,0,0,0,0,0,0,0
Abrocharse el cinturón,A1-A2,0,0,0,0,0,0,0
Abstracto,B2,0,0,0,0,0,0,0
Abuelo,A1-A2,2,11,14,4,2,9,2
Abundancia,B2,1,0,2,1,0,1,1
Abundancia de,B2,0,0,0,0,0,0,0
Aburrido,B1,0,2,1,2,2,2,2
Aburrimiento,B1,0,0,0,0,0,3,2
Aburrirse,B1,0,0,0,0,0,0,0
Academia,A1-A2,0,0,0,1,0,0,1
Acceder,B1,0,0,0,1,1,0,6
Accidente de tráfico,B1,0,0,0,0,0,0,1
Acciones,B2,0,2,2,8,2,2,52
Accionista,B2,0,0,0,0,0,0,11
Aceite,A1-A2,2,1,4,2,7,0,5
Aceite de oliva,B1,0,0,0,0,0,0,2
Aceite vegetal,B1,0,0,0,0,0,0,0
Aceitera,A1-A2,0,0,0,0,0,0,0
Aceituna,B1,0,2,0,0,0,0,1
Aceitunas,A1-A2,0,2,0,0,0,0,1
Acelerar,B1,0,1,1,2,0,1,3
Acera,A1-A2,2,3,1,7,0,6,4
Acertar,B2,3,0,0,0,0,0,4
Acierto,B2,0,0,0,0,0,0,2
Acorde con sus capacidades,B2,0,0,0,0,0,0,0
Acostarse,A1-A2,0,0,0,0,0,0,0
Actitud,B2,1,0,1,4,2,1,27
Actividad,A1-A2,1,1,2,0,1,0,40
Acto,B2,2,0,3,12,4,3,30
Actor,B2,1,1,1,1,0,0,14
Actriz,B2,2,7,1,0,0,2,0
Acuarela,B2,0,0,0,0,0,12,0
Acuario,B1,0,0,0,0,0,0,0
Acusado,B1,1,0,0,4,0,0,18
Acusar,B2,3,1,0,1,0,2,23
Acuse de recibo,B2,0,0,0,0,0,0,0
Acuíferos,B2,0,0,0,0,0,0,0
Adelgazar,B1,0,0,0,0,0,0,0
Aditivos,B2,0,0,0,0,0,0,0
Adiós,A1-A2,5,10,4,4,10,8,4
Adjuntar,B1,0,0,0,0,0,0,0
Administrativo,A1-A2,0,0,0,2,0,0,7
Admiración,B2,2,1,4,3,4,0,4
Adolescencia,B1,0,0,1,1,0,0,0
Adolescente,B1,1,1,3,0,0,0,2
Adoptado,B2,0,0,2,0,0,0,4
Adoptar,B1,0,0,3,2,0,2,22
Adorar,B2,1,0,2,0,0,1,1
Adquirir experiencia,B1,0,0,0,0,0,0,0
Adulto,B1,0,0,1,0,2,1,6
Aeropuerto,A1-A2,0,18,6,0,0,0,9
Afeitarse,B1,0,0,0,1,0,1,1
Aficionado,B2,0,0,0,0,0,0,15
Afición,B1,4,0,0,0,0,0,7
Agenda,A1-A2,1,3,2,0,0,0,4
Agente,B2,1,5,3,1,0,0,25
Agobiado,B2,0,0,0,0,0,0,0
Agobiarse,B2,0,0,0,0,0,0,0
Agosto,A1-A2,1,17,3,6,0,0,12
Agotar,B2,0,0,0,1,1,0,3
Agradable,A1-A2,5,7,3,1,3,6,2
Agrio,B2,0,0,0,0,0,1,3
Agua,B1,17,33,48,27,62,35,42
Agua mineral,A1-A2,1,1,0,0,0,0,1
Agua oxigenada,B1,0,0,0,0,0,0,0
Agujero,B1,2,1,12,3,10,4,10
Ahorro,B1,0,2,1,1,0,0,14
Ahorros,B2,2,0,0,0,0,0,2
Aire acondicionado,A1-A2,0,0,1,0,0,0,0
Ajo,A1-A2,0,4,2,0,1,0,0
Al contado,B2,0,0,0,0,0,0,0
Al dedillo,B2,0,0,0,0,0,0,0
Al lado,A1-A2,0,0,0,0,0,0,0
Al lado de,A1-A2,0,0,0,0,0,0,0
Al vapor,B2,0,0,0,0,0,0,0
Ala delta,B1,0,0,0,0,0,0,1
Alarma,B2,3,2,0,0,1,1,1
Albahaca,B2,0,0,0,0,0,0,0
Albañil,B2,0,0,0,0,1,0,0
Alcohol,B1,0,0,1,3,0,1,3
Alegato,B2,0,0,0,1,0,0,0
Alegrarse,B1,0,0,0,0,1,0,0
Alegre,B1,9,1,6,2,7,12,2
Alegría,B1,9,0,14,5,12,9,6
Alergia,A1-A2,0,0,0,0,0,0,0
Alfombra,A1-A2,1,1,2,1,2,8,1
Alfombrilla,A1-A2,0,0,0,0,0,0,0
Algodón,B1,2,0,3,2,1,1,0
Alimento,B1,0,0,0,0,5,1,14
Alimentos frescos,B2,0,0,0,0,0,0,0
Alimentos orgánicos,B2,0,0,0,0,0,0,0
Alimentos ricos en calorías,B2,0,0,0,0,0,0,0
Aliviado,B2,0,0,0,2,4,2,0
Aliñado,B1,0,0,0,0,0,0,0
Almacenar,B2,0,0,0,0,0,0,1
Almendra,B2,0,3,0,0,0,0,0
Almohada,A1-A2,2,2,0,6,2,6,2
Alojamiento,A1-A2,0,0,0,1,0,0,0
Alojamiento y desayuno,A1-A2,0,0,0,0,0,0,0
Alojarse,B1,0,0,0,0,0,0,0
Alquilar,B1,1,1,0,1,1,0,1
Alquilar una película,B1,0,0,0,0,0,0,0
Alquiler,B1,0,2,1,3,0,0,1
Alto,B1,21,48,38,33,35,41,68
Alubia,B1,0,0,0,0,0,0,0
Alumno,A1-A2,0,0,0,8,0,1,3
Alérgico,A1-A2,0,0,0,0,0,0,1
Amable,B2,3,5,4,7,7,6,3
Amargo,B2,1,0,2,1,0,0,4
Amarillo,A1-A2,3,5,13,9,28,23,15
Ambicioso,B2,1,0,0,0,0,0,0
Ambulancia,A1-A2,0,5,0,0,0,0,1
Amistad,B1,2,1,1,4,2,14,9
Amueblado,A1-A2,0,0,0,0,0,0,0
Ancho,B2,0,1,8,2,6,6,2
Andén,B2,0,0,0,0,0,2,0
Angustia,B2,1,0,4,3,4,0,2
Angustiarse,B2,0,0,0,0,0,0,0
Anillo,A1-A2,0,1,0,2,7,1,10
Anillo de oro,B1,0,0,0,0,0,1,0
Anillo de plata,B1,0,0,0,0,0,0,0
Animado,B2,0,1,0,0,0,0,3
Animal acuático,B1,0,0,0,0,0,0,0
Animal de compañía,B1,0,0,0,0,0,0,0
Aniversario,B1,0,0,2,0,0,0,1
Aniversario de boda,B1,0,0,1,0,0,0,0
Ansiedad,B2,0,0,0,3,0,0,1
Antibiótico,B1,0,0,0,0,0,0,0
Anticuado,B1,0,0,0,0,0,0,0
Antiinflamatorio,B2,0,0,0,0,0,0,0
Antipático,A1-A2,0,0,1,0,0,0,1
Antivirus,B2,0,0,0,0,0,0,0
Anual,B2,0,0,0,0,0,0,13
Anular una reserva,A1-A2,0,0,0,0,0,0,0
Anunciar,B2,1,1,4,0,3,8,65
Anuncio,B1,0,5,2,0,0,2,16
Anuncio de trabajo,B1,0,0,0,0,0,0,0
Análisis de orina,B1,0,0,0,0,0,0,0
Análisis de sangre,B1,0,0,0,0,0,0,1
Anécdota,B2,0,0,1,0,0,1,5
Apagar la luz,A1-A2,0,1,0,0,0,0,0
Apagar la sed,B2,0,0,0,0,0,0,0
Aparato digestivo,B2,0,0,0,0,0,0,0
Aparcamiento,A1-A2,2,0,0,0,0,1,1
Aparcar,B1,3,4,3,0,0,1,2
Aparejador,B2,0,0,0,0,0,0,0
Apartamento,B1,1,38,10,0,0,1,2
Apasionado,B2,1,0,0,1,0,0,5
Apenado,B2,0,0,0,0,0,3,0
Aperitivo,B2,0,5,0,0,0,0,2
Apetecible,B2,0,0,0,0,2,0,0
Aplicar una crema,B2,0,0,0,0,0,0,0
Aportar,B2,0,0,0,0,0,0,8
Apostar,B2,0,0,0,0,0,0,9
Aprender,B1,7,3,6,12,17,5,11
Aprender de memoria,B1,1,0,0,0,0,0,0
Apretar el zapato,B2,0,0,0,0,0,0,0
Aprobar,B1,0,0,0,2,0,7,22
Aprobar un examen,A1-A2,0,0,0,0,0,0,0
Aproximarse,B1,0,0,0,0,0,0,2
Apto para todos los públicos,B2,0,0,0,0,0,0,0
Apuntarse a una lista de distribución,B2,0,0,0,0,0,0,0
Arar,B1,0,0,0,0,0,0,0
Araña,A1-A2,0,0,2,0,2,1,1
Archivo,B1,0,0,0,0,0,0,0
Arco iris,A1-A2,0,0,0,0,1,0,0
Arena,B1,1,3,4,2,6,0,5
Argentina,A1-A2,1,7,3,1,0,0,40
Argentino,A1-A2,2,11,4,0,0,1,33
Armario,A1-A2,0,5,10,9,6,7,8
Armario de baño,A1-A2,0,0,0,0,0,0,0
Armarse un lío,B2,0,0,0,0,0,0,0
Armonía,B2,2,0,0,0,1,0,1
Aroma relajante,B2,0,0,0,0,0,0,0
Arquitecto,B1,0,3,1,1,0,0,1
Arquitectura,B2,1,2,0,3,0,0,2
Arreglar,B1,3,2,3,3,4,5,8
Arrendador,B2,0,0,0,0,0,0,0
Arrendatario,B2,0,0,0,0,0,0,1
Arroba,A1-A2,0,0,2,0,0,0,0
Arrogante,B1,0,0,0,1,2,0,3
Arroz,B1,0,9,1,0,0,0,4
Arrugarse,B1,0,0,0,0,0,0,0
Arte,B1,9,10,4,10,11,11,21
Arte escénica,B2,0,0,0,0,0,0,0
Artes plásticas,B2,0,0,0,0,0,0,0
Articulaciones,B2,0,0,0,0,0,0,3
Articulación,B1,0,0,0,0,0,0,3
Artista,B2,1,0,3,2,0,3,4
Artículo,B2,2,17,2,1,0,0,5
Artículos de opinión,B2,0,0,0,0,0,0,0
Asado,B1,0,3,1,0,0,0,0
Ascensor,A1-A2,2,23,6,10,1,2,0
Asiento,B1,0,8,4,3,2,5,5
Asignatura,B1,0,0,1,3,0,1,1
Asignatura optativa,B2,0,0,0,0,0,0,0
Asignatura pendiente,B2,0,0,0,0,0,0,1
Asistencia sanitaria,B2,0,0,0,0,0,0,1
Asistente,B1,0,0,0,0,2,0,6
Asistir,B1,1,1,4,4,5,2,15
Aspirador,B1,0,0,0,0,0,0,0
Aspirina,B1,0,0,0,0,0,0,0
Astrónomo,B2,0,0,0,0,4,0,0
Asustar,B2,1,4,4,4,7,4,2
Ataque de ansiedad,B2,0,0,0,0,0,0,0
Atasco,B1,1,0,1,0,0,0,0
Atención de urgencias,B2,0,0,0,0,0,0,0
Atención especializada,B2,0,0,0,0,0,0,0
Atención primaria,B2,0,0,0,0,0,0,0
Atento,B2,4,1,1,1,1,1,5
Aterrizaje,A1-A2,0,0,0,0,1,0,1
Aterrizar,A1-A2,0,0,1,0,0,2,3
Atleta,A1-A2,0,0,0,0,0,0,11
Atletismo,A1-A2,0,0,0,0,0,0,8
Atmósfera,B2,0,0,0,2,0,0,0
Atracar,B1,0,0,0,0,1,0,0
Atraco,B1,1,1,2,0,0,0,0
Atropello,B1,0,0,0,1,0,0,0
Atún,B1,0,1,0,0,0,1,0
Audioconferencia,B2,0,0,0,0,0,0,0
Aula multimedia,B1,0,0,0,0,0,0,0
Autobiografía,B1,0,0,0,0,0,0,1
Autobús,A1-A2,1,9,4,5,0,2,4
Autopista,B2,0,7,0,0,0,0,3
Autor,B2,12,3,4,2,0,1,18
Autoservicio,B2,0,0,0,0,0,0,0
Auxiliar de vuelo,A1-A2,0,0,0,0,0,0,0
Ave,B1,0,2,7,1,8,0,13
Avellana,B2,0,0,0,0,0,0,0
Avergonzado,B2,1,0,0,2,2,3,0
Averiado,B1,0,0,0,0,0,0,0
Avería,B1,0,0,1,0,2,0,1
Avestruz,B1,0,0,0,0,5,1,0
Avión,A1-A2,0,11,9,1,4,0,18
Ayuntamiento,A1-A2,0,6,5,1,2,1,12
Azafata,A1-A2,1,4,1,0,0,0,0
Azar,B2,0,0,0,4,2,0,5
Azucarero,A1-A2,0,0,0,0,0,0,0
Azul,A1-A2,3,27,13,13,20,32,13
Azúcar,A1-A2,0,0,2,0,2,1,2
Azúcar alto,B2,0,0,0,0,0,0,0
Año lectivo,B2,0,0,0,0,0,0,0
Bachiller,B1,24,0,0,0,0,0,0
Bachillerato,B2,0,0,2,5,0,0,1
Bailar,A1-A2,3,4,8,0,4,7,2
Bailarín,B1,1,0,0,0,1,0,0
Baile,B1,0,3,2,0,9,7,3
Bajar,B2,13,12,13,16,27,19,28
Bajar el interés,B1,0,0,0,0,0,0,0
Bajar el precio,B1,0,0,0,0,0,0,0
Bajar la temperatura,A1-A2,0,0,0,0,0,0,0
Bajar los brazos,B1,0,0,0,0,0,0,0
Bajar los precios,B2,0,0,0,0,0,0,0
Bajito,A1-A2,2,12,2,0,1,3,1
Bajo,A1-A2,8,14,39,10,27,29,59
Bajo en calorías,B2,0,0,0,0,0,0,0
Ballena,B1,0,0,0,0,0,0,0
Balneario,B2,0,0,0,0,0,1,0
Baloncestista,A1-A2,0,0,0,0,0,0,0
Baloncesto,B2,0,0,0,0,0,4,18
Balonmano,B2,0,0,0,0,0,0,3
Balón,B1,0,0,1,0,0,0,23
Banco,A1-A2,1,11,14,17,3,1,51
Banda ancha,B1,0,0,0,0,0,0,0
Banda sonora,B2,0,0,0,0,0,0,0
Bandeja,A1-A2,0,3,0,1,0,1,0
Banquete,B1,0,0,1,0,1,2,1
Bar,A1-A2,3,74,18,0,0,1,9
Baraja,B2,0,0,0,0,0,0,0
Barajar,B2,0,0,0,1,0,0,0
Barba,A1-A2,6,7,6,5,1,0,2
Barca,B1,0,4,0,1,1,0,3
Barco,A1-A2,9,5,15,5,34,1,19
Barco de vela,B2,0,0,0,0,0,0,0
Barra de labios,B1,0,0,0,0,0,1,0
Barra de pan,A1-A2,0,0,0,0,0,0,0
Barra de un bar,A1-A2,0,0,0,0,0,0,0
Barrer,B1,1,2,1,3,3,2,1
Barriga,B1,0,1,0,0,10,0,0
Barrio,A1-A2,3,25,13,7,2,11,12
Barro,B2,0,0,0,0,1,1,0
Base,B1,1,2,3,0,0,0,43
Base de datos,B1,0,0,0,0,0,0,2
Bastón,B1,3,7,0,8,2,0,1
Basura,B1,0,6,6,1,4,17,4
Bate,B1,0,0,0,0,0,0,0
Bateador,B1,0,0,0,0,0,0,1
Batería,B1,0,0,0,0,0,6,3
Bañador,A1-A2,0,9,1,0,0,0,0
Bañarse,A1-A2,0,0,0,0,0,0,0
Bañera,A1-A2,2,0,0,1,0,0,0
Baño,A1-A2,2,23,7,3,2,14,4
Beber,A1-A2,6,15,26,6,11,5,7
Bebida,A1-A2,0,6,5,3,1,0,1
Beca,B1,0,0,0,0,0,0,1
Becario,B1,0,0,0,0,0,0,0
Beisbolista,B1,0,0,0,0,0,0,0
Berenjena,B1,0,0,0,0,0,0,0
Biblioteca,B1,4,1,1,3,2,2,2
Bicicleta,A1-A2,0,2,6,1,0,1,4
Bidé,A1-A2,0,0,0,0,0,0,0
Bigote,A1-A2,1,7,3,6,5,2,6
Bilingüe,B2,0,1,0,0,0,0,0
Billete,B1,1,12,5,2,0,0,3
Billete de ida,A1-A2,0,0,1,0,0,0,0
Billete de ida y vuelta,A1-A2,0,0,1,0,0,0,0
Billete de lotería,B2,0,0,0,0,0,0,0
Billete de vuelta,A1-A2,0,0,0,0,0,0,0
Biografía,B1,0,0,1,0,1,0,1
Biosfera,B2,0,0,0,0,0,0,0
Biquini,A1-A2,0,0,0,0,0,0,0
Bisabuelo,B2,1,9,1,0,0,0,0
Bisnieto,B2,0,0,0,0,0,0,0
Bisutería,B1,0,0,0,0,0,1,1
Bizcocho,B1,0,0,0,1,3,0,0
Blanco,A1-A2,15,22,52,25,45,45,52
Blanco y negro,B1,0,0,1,0,0,0,3
Bloque de pisos,B1,0,0,0,0,0,0,0
Blusa,B1,1,0,4,5,0,6,0
Boca,A1-A2,10,4,27,19,25,44,16
Boca de metro,A1-A2,0,0,0,0,0,0,0
Bocadillo,A1-A2,2,4,1,0,1,1,0
Boda,B1,7,2,11,12,9,3,4
Bodas de plata,B1,0,0,0,0,0,0,0
Bodegón,B2,0,0,0,0,0,0,0
Bolivia,A1-A2,0,0,0,0,0,0,13
Boliviano,A1-A2,0,0,0,0,0,0,5
Bollería industrial,B2,0,0,0,0,0,0,0
Bolsa,B2,1,77,5,1,8,5,21
Bolsa de naranjas,A1-A2,0,0,0,0,0,0,0
Bolso,B1,2,11,4,0,0,1,1
Bolígrafo,A1-A2,1,1,1,0,0,1,1
Bombero,A1-A2,1,0,0,0,0,0,2
Bombo,B2,0,0,0,0,0,0,0
Borrador,A1-A2,0,0,0,0,0,0,5
Borrar,A1-A2,1,2,0,3,2,3,2
Bosque,A1-A2,17,0,7,3,67,7,5
Bota,B1,1,0,2,1,0,0,1
Botella,A1-A2,1,5,3,4,2,18,3
Botella de leche,A1-A2,0,1,0,0,0,0,0
Botiquín,B1,0,0,0,1,0,8,0
Botones,A1-A2,4,2,1,2,3,8,5
Botón de disparo,B1,0,0,0,0,0,0,0
Bragas,A1-A2,0,0,0,0,0,0,0
Brazo,A1-A2,21,17,27,25,18,44,21
Bricolaje,B1,0,0,0,0,0,0,0
Brindis,B1,0,0,0,0,0,0,1
Bronce,B2,0,0,0,1,0,0,9
Bronquitis,B2,0,0,0,0,0,0,0
Brotar,B1,0,0,0,1,0,0,0
Buceador,B1,0,0,0,0,0,0,0
Bucear,B1,0,0,0,0,1,0,0
Buen gusto,B2,2,0,0,0,0,0,0
Buen sueldo,B2,0,0,1,0,0,0,0
Buen tiempo,A1-A2,1,5,0,0,0,0,2
Buenas noches,A1-A2,1,0,1,1,0,1,0
Buenas vistas,B1,0,0,0,0,0,0,0
Buenos días,A1-A2,5,20,3,1,9,3,0
Bufanda,A1-A2,0,0,0,0,1,6,0
Bufé libre,B2,0,0,0,0,0,0,0
Buitre,B1,0,0,0,0,2,0,1
Buscador,B1,0,0,0,1,0,0,1
Buzón de voz,B1,0,0,0,0,0,0,0
Báscula,A1-A2,0,0,0,0,0,0,0
Béisbol,B1,0,0,0,0,0,6,3
Caballo,A1-A2,53,1,8,10,16,5,6
Cabaña,B1,0,0,1,0,1,0,0
Cabeza,A1-A2,44,46,46,46,87,137,37
Cabeza de ajos,A1-A2,0,0,0,0,0,0,0
Cabina de teléfono,A1-A2,0,1,0,0,0,0,0
Cabina telefónica,A1-A2,0,0,1,0,0,0,0
Cable,B2,1,0,0,0,0,2,8
Cacahuete,B1,0,0,0,0,0,0,0
Cadena,A1-A2,11,4,7,3,0,8,21
Caducado,B2,0,0,0,0,0,0,0
Caer bien,B1,1,0,0,0,0,0,0
Caer bien a,B1,0,0,0,0,0,0,0
Caer mal,B1,0,0,0,0,0,0,0
Caer mal a,B1,0,0,0,0,0,0,0
Cafetera,B1,0,0,0,0,0,0,0
Cafetería,A1-A2,2,3,2,2,0,0,0
Café,B1,4,45,22,17,0,1,40
Café con leche,A1-A2,0,3,0,3,0,0,1
Café solo,A1-A2,0,0,1,0,0,0,0
Cajero,A1-A2,0,1,3,0,0,0,0
Cajero automático,B1,0,1,1,0,0,0,0
Cajón,A1-A2,6,2,5,10,8,5,6
Calabacín,B1,0,0,0,0,0,0,0
Calcetín,A1-A2,0,0,2,0,0,1,1
Calcio,B2,0,0,0,0,1,0,0
Calcular,B2,1,0,1,2,1,0,11
Calefacción,B1,0,0,0,0,0,1,1
Calendario,A1-A2,2,0,0,1,1,1,0
Calentamiento,B1,0,0,0,0,0,0,1
Calentamiento global,B2,0,0,0,0,0,0,0
Calentar,B1,0,0,2,3,1,2,2
Caliente,B1,0,7,9,4,2,4,4
Calle,A1-A2,20,111,46,44,29,25,33
Callejero,B1,1,0,0,2,1,1,5
Calmante,B2,0,0,0,0,0,0,0
Calor,A1-A2,2,16,18,16,9,12,12
Caloría,B1,0,0,0,0,0,0,0
Calorías vacías,B2,0,0,0,0,0,0,0
Calvo,A1-A2,0,17,2,0,0,1,0
Calzar,B1,0,0,0,0,2,0,0
Calzoncillos,A1-A2,0,0,0,0,0,0,0
Cama,A1-A2,14,24,22,21,29,44,8
Cama de matrimonio,A1-A2,0,0,0,0,0,0,0
Cama individual,A1-A2,0,0,0,0,0,0,0
Camarero,A1-A2,0,33,3,0,0,0,2
Cambiar,B2,14,12,15,7,12,13,28
Cambiar de cadena,B1,0,0,0,0,0,0,0
Cambiar de canal,B1,0,0,0,0,0,1,0
Cambiar de chaqueta,B2,0,0,0,0,0,0,0
Cambiar las sábanas,A1-A2,0,0,0,0,0,0,0
Cambio,B1,3,9,6,12,19,13,56
Cambio climático,B1,0,0,0,0,0,0,0
Cambio de imagen,B2,0,0,0,0,0,0,1
Cambio de sentido,B2,0,0,0,0,0,0,0
Camilla,A1-A2,0,0,4,0,0,0,0
Caminar,B1,7,7,10,12,14,8,5
Camisa,B1,7,11,7,12,1,7,3
Camiseta,A1-A2,1,1,8,0,0,7,6
Camión,B1,0,8,13,3,0,0,9
Campeonato,B2,0,0,0,0,0,0,15
Campesino,B1,1,0,9,2,4,0,5
Campeón,B2,0,0,0,0,0,0,36
Campin,B1,0,0,0,0,0,0,0
Campo,B1,25,8,19,13,13,6,64
Campo de fútbol,A1-A2,0,0,0,0,0,0,0
Campus,B1,0,0,0,0,0,0,1
Canasta,A1-A2,0,0,0,1,1,1,4
Cancelación,A1-A2,0,0,0,0,0,0,1
Cancelar,B2,0,0,0,0,0,0,0
Cancelar una reserva,A1-A2,0,0,0,0,0,0,0
Cancha,A1-A2,0,0,0,0,0,2,7
Canción,A1-A2,4,5,21,2,11,17,3
Canica,B2,0,0,0,0,0,0,0
Cansado,A1-A2,8,26,16,6,9,4,2
Cansancio,B2,1,0,1,3,2,1,6
Cansarse,B2,1,0,0,0,1,1,0
Cantante,B1,1,2,1,0,0,6,2
Cantar,A1-A2,5,7,15,6,9,22,8
Capa de ozono,B2,0,0,0,0,0,0,1
Capacidad,B1,1,0,0,3,0,2,37
Capaz,A1-A2,3,1,5,12,10,4,33
Capital,B1,3,3,6,2,0,0,55
Capítulo,B1,1,4,2,0,0,0,6
Cara,B1,16,24,47,22,27,88,21
Caramelo,B1,2,0,2,0,2,1,1
Cardiología,B1,0,0,0,0,0,0,0
Cargador,B1,0,0,0,0,0,0,0
Cargar la batería,B1,0,0,0,0,0,0,0
Cariño,B2,4,0,3,5,5,3,3
Carne,B1,6,4,3,6,6,3,5
Carne a la brasa,B2,0,0,0,0,0,0,0
Carnicero,A1-A2,0,0,0,1,0,0,0
Carnicería,A1-A2,0,0,0,0,0,0,0
Carpintero,B2,1,0,0,0,5,1,0
Carrera,B2,2,0,4,11,7,1,54
Carretera,B1,1,1,5,1,1,3,9
Carril,B1,0,0,0,0,0,0,3
Carrito,A1-A2,0,1,0,0,0,2,0
Carro,A1-A2,23,1,12,1,0,3,1
Carta,A1-A2,25,11,7,12,2,6,25
Carta de presentación,B1,0,0,0,0,0,0,0
Carta de reclamación,B2,0,0,0,0,0,0,0
Carta de recomendación,B2,0,0,0,0,0,0,0
Cartas al director,B2,0,0,0,0,0,0,0
Cartelera,B2,0,0,0,0,0,0,0
Cartón,B1,0,0,1,0,2,0,5
Casa,A1-A2,76,139,135,124,152,120,64
Casa rural,B1,0,0,0,0,0,0,0
Casado,A1-A2,4,3,7,3,2,7,3
Casarse,B1,0,0,0,0,0,0,0
Casco,B1,0,2,0,0,1,0,6
Casero,B1,0,0,0,1,0,1,2
Casilla,B2,0,0,0,0,0,0,1
Castillo,B1,28,4,0,0,36,4,8
Casting,B2,0,1,0,0,0,0,0
Catedral,B1,0,10,2,0,0,6,5
Catedrático,B2,1,0,0,3,0,0,0
Cateto,B2,0,0,0,0,0,0,0
Catorce,A1-A2,2,0,2,4,0,2,4
Cazuela de barro,B2,0,0,0,0,0,0,0
Cañería,B2,0,0,0,0,0,1,1
Cebolla,A1-A2,1,0,3,0,0,4,0
Cebra,B1,0,0,0,0,0,0,3
Ceda el paso,B2,0,0,0,0,0,0,0
Ceder el paso,B1,0,0,0,0,0,0,0
Ceja,B1,0,0,0,2,0,0,0
Celebrar,B1,2,6,11,1,10,8,34
Celular,B1,0,0,5,0,0,0,2
Cemento,B2,0,0,0,0,2,3,0
Cena,A1-A2,5,8,3,0,4,9,5
Cenar,A1-A2,1,9,0,3,0,6,1
Censura,B2,0,0,0,0,0,0,6
Central de seguridad,B2,0,0,0,0,0,0,0
Centro comercial,A1-A2,0,1,0,0,0,1,0
Centro de belleza,B2,0,0,0,0,0,0,0
Centro de flores,B1,0,0,0,0,0,0,0
Centro de salud,B2,0,0,0,0,0,0,0
Centésimo,A1-A2,0,0,0,0,0,0,0
Centímetro,B1,0,2,4,0,2,4,3
Centímetro cuadrado,B1,0,0,0,0,0,0,0
Centímetro cúbico,B1,0,0,0,0,0,0,1
Cepillar,B1,0,0,0,0,0,0,1
Cepillarse los dientes,A1-A2,0,0,0,0,0,0,0
Cepillo de dientes,A1-A2,0,0,1,0,0,1,0
Cera,B1,0,0,2,1,2,0,1
Cerdo,A1-A2,1,1,0,3,0,0,1
Cereal,B1,0,0,2,0,0,3,3
Cereales,A1-A2,0,0,0,0,0,0,0
Ceremonia,B1,0,0,2,1,1,1,11
Cereza,B1,0,0,0,0,9,1,0
Certamen,B2,0,0,0,0,0,0,3
Cerveza,B1,8,16,10,5,2,1,6
Cerveza de barril,B2,0,1,0,0,0,0,0
Cerámica,B1,0,0,2,0,0,0,1
Chalé,A1-A2,0,0,0,0,0,0,1
Champú,A1-A2,0,0,0,0,0,0,0
Chaqueta,B1,0,12,3,6,3,6,0
Chat,B2,0,0,0,0,0,0,0
Chatear,A1-A2,0,0,0,0,0,0,0
Cheque,B1,0,0,1,0,0,0,1
Chequeo,B2,0,0,0,0,0,0,1
Chile,B1,0,0,1,0,0,0,10
Chileno,A1-A2,1,1,0,0,0,0,14
Chimenea,A1-A2,0,0,0,1,6,3,0
Chocolate,B1,0,13,5,2,7,4,3
Chorizo,B1,0,1,1,0,0,0,0
Chuleta,B1,0,0,0,0,0,0,0
Chuleta de cerdo,B1,0,0,0,0,0,0,0
Ciar para una entrevista de trabajo,B2,0,0,0,0,0,0,0
Cicatriz,B2,0,0,0,1,0,0,0
Ciclismo,B2,0,0,0,0,0,0,12
Ciclista,A1-A2,0,0,0,0,0,0,16
Ciego,B2,1,0,32,2,4,2,16
Cielo cubierto,A1-A2,0,0,0,0,0,0,0
Cielo despejado,A1-A2,0,0,0,0,0,0,0
Cien,A1-A2,10,1,8,2,7,3,12
Ciento uno,A1-A2,0,0,0,0,0,0,0
Científico,B2,4,1,2,0,0,1,31
Cincel,B2,0,0,0,0,0,0,0
Cinco,A1-A2,13,24,12,16,9,8,91
Cinco sentidos,B2,0,0,0,1,0,0,0
Cincuenta,A1-A2,2,8,5,5,4,1,10
Cine,A1-A2,3,12,5,5,0,6,5
Cine en blanco y negro,B1,0,0,0,0,0,0,0
Cine en color,B1,0,0,0,0,0,0,0
Cintura,B1,1,1,2,6,3,4,1
Cinturón,A1-A2,0,0,2,2,0,0,4
Cinturón de seguridad,B1,0,0,1,0,0,0,0
Circo,A1-A2,0,0,0,1,5,0,1
Circuito laboral,B2,0,0,0,0,0,0,0
Circular,B1,0,1,2,3,1,0,13
Cirujano,B1,0,0,1,2,0,0,0
Cisterna,B2,0,0,0,0,0,0,2
Cita,A1-A2,4,11,1,0,2,0,17
Clarinete,B1,0,0,0,0,0,0,0
Clarinetista,B1,0,0,0,0,0,0,0
Claroscuro,B2,0,0,1,0,0,0,0
Clase,A1-A2,8,17,12,30,3,21,21
Clasificado,B2,0,0,0,0,0,0,2
Clasificarse,B2,0,0,0,0,0,0,2
Cliente,B2,3,36,6,0,0,1,18
Cobarde,B2,2,0,0,0,1,0,0
Cobertizo,B1,0,0,0,0,0,0,1
Cobertura,B1,0,0,0,0,0,0,4
Cobrar,B1,7,3,0,4,1,0,13
Cocer,B1,0,0,0,0,0,0,2
Coche,A1-A2,17,63,29,12,7,8,15
Cocido,B1,1,3,0,1,1,0,0
Cocina,A1-A2,1,31,11,18,17,21,5
Cocinar,A1-A2,0,2,1,0,6,0,2
Cocinero,A1-A2,1,1,1,0,5,0,0
Cocodrilo,B1,0,0,0,0,4,1,0
Coger el teléfono,B1,0,3,0,0,0,1,0
Cojín,A1-A2,0,0,0,0,0,0,0
Colaborar,B1,1,2,0,0,0,0,5
Colar,B1,0,0,1,0,1,1,5
Colchoneta,B1,0,0,0,0,0,0,0
Colchón,A1-A2,0,2,3,1,1,0,0
Coleccionar,B1,0,0,0,0,2,0,1
Colección,B1,0,2,0,0,3,5,4
Colegio,A1-A2,3,4,2,3,5,10,9
Colegio laico,B2,0,0,0,0,0,0,0
Colegio privado,B1,0,0,0,0,0,0,0
Colegio público,B1,0,0,0,0,0,0,0
Colegio religioso,B2,0,0,0,0,0,0,0
Colesterol,B1,0,0,0,0,0,1,0
Colesterol alto,B2,0,0,0,0,0,0,0
Colgar,B1,6,0,6,3,1,3,1
Colgar el teléfono,A1-A2,1,0,2,0,0,0,0
Colgar una foto,B1,0,0,0,0,0,0,0
Collar,B1,0,1,2,0,1,4,1
Colmena,B1,0,0,0,0,0,0,0
Colombia,A1-A2,0,3,1,0,0,0,37
Colombiano,A1-A2,0,4,1,0,0,0,23
Colonia,A1-A2,1,5,2,1,0,0,1
Color,B1,5,18,25,21,32,22,25
Colorido,B2,0,0,0,1,1,0,0
Columna,B2,0,2,3,1,1,0,8
Columpiarse,B2,0,0,0,0,0,0,0
Columpio,B2,0,0,0,0,6,1,0
Comba,B2,0,0,0,0,1,0,0
Combinar,B1,0,1,1,0,0,0,0
Combinar con,B1,0,0,0,0,0,0,0
Combustible,B2,0,0,1,0,0,1,5
Comedia,B2,0,0,1,1,0,0,0
Comedor,A1-A2,1,8,7,5,3,3,1
Comentar,B2,6,7,9,5,2,22,31
Comer,A1-A2,38,42,45,10,42,9,17
Comer a la carta,B2,0,0,0,0,0,0,0
Comer de menú,B2,0,0,0,0,0,0,0
Comercial,B1,0,3,1,0,0,1,24
Comerciante,B2,0,0,0,0,0,0,3
Cometer un delito,B2,0,0,0,0,0,0,0
Cometer un error,A1-A2,0,0,0,0,0,1,1
Comisaria,B1,0,0,0,0,0,0,2
Comisario,B2,2,0,2,0,0,0,5
Comisión,B1,0,0,0,0,0,2,64
Compartir piso,A1-A2,0,0,0,0,0,0,0
Compañero,A1-A2,11,8,16,7,12,6,27
Compañía telefónica,B2,0,0,0,0,0,0,0
Competición,B2,0,0,0,0,0,0,21
Competidor,B2,0,0,0,0,0,0,3
Complejo de superioridad,B2,0,0,0,0,0,0,0
Complementos,B1,0,0,0,0,0,0,1
Comportarse bien,B2,0,0,0,0,0,0,0
Comportarse mal,B2,0,0,0,0,0,0,0
Composición,B1,2,0,0,0,0,0,6
Compositor,B1,0,1,0,0,0,0,0
Compra,B1,4,7,7,0,0,1,30
Compra compulsiva,B2,0,0,0,0,0,0,0
Comprar,B1,7,25,16,8,13,14,17
Comprar a plazos,B1,0,0,0,0,0,0,0
Comprar por Internet,B1,0,0,0,0,0,0,0
Comprar por catálogo,B2,0,0,0,0,0,0,0
Comprender,A1-A2,6,2,9,14,12,6,12
Comprometerse,B1,0,0,0,0,0,0,0
Compromiso,B1,0,0,1,3,1,0,29
Compuestos químicos,B2,0,0,0,0,0,0,0
Computadora,A1-A2,1,0,2,0,0,0,0
Comunicación audiovisual,B2,0,0,0,0,0,0,0
Comunicación de última hora,B2,0,0,0,0,0,0,0
Comunicación oficial,B2,0,0,0,0,0,0,0
Comunicación telefónica,B2,0,0,0,0,0,0,0
Comunicar,A1-A2,0,2,3,5,0,2,14
Comunicarse oralmente,B2,0,0,0,0,0,0,0
Comunicarse por escrito,B2,0,0,0,0,0,0,0
Comunidad,B1,0,2,1,1,1,0,38
Comunidad de vecinos,B1,0,0,0,0,0,0,0
Con mucho gusto,A1-A2,1,0,1,0,0,0,0
Con tarjeta,B1,0,0,0,0,0,0,1
Concierto,A1-A2,2,11,0,0,1,3,3
Conciliación,B2,0,0,0,0,0,0,0
Concurso,B1,0,2,9,0,1,6,6
Condenar,B2,1,0,0,2,1,2,22
Condimentar,B1,0,0,0,0,0,0,0
Conducción,B1,0,0,1,0,0,0,7
Conducir,B1,3,5,8,1,7,3,30
Conductor,A1-A2,0,3,2,0,2,0,47
Conectarse,B1,0,0,0,0,0,0,1
Conejo,B1,0,1,2,5,5,1,3
Conexión,B2,1,0,0,0,0,0,8
Confirmar,B2,3,0,2,3,1,0,22
Confortable,B1,0,0,1,0,2,0,0
Congelador,B1,0,0,0,0,0,0,2
Congelados,A1-A2,0,1,0,0,0,0,0
Conocer el dato,B2,0,0,0,0,0,0,0
Conservador,B1,1,2,2,3,0,0,14
Conservar,A1-A2,1,0,0,3,3,1,10
Conservas,B1,0,0,0,0,0,0,0
Consigna,A1-A2,0,0,0,0,0,0,0
Constitución,B1,0,0,0,1,0,1,11
Constructor,B2,0,6,1,0,0,0,2
Constructora,B2,0,0,0,0,0,0,0
Construir,B2,0,2,1,4,5,2,8
Consulta,B1,2,0,5,2,0,1,4
Consultar,B1,2,0,2,2,7,0,5
Consumidor,B2,0,1,0,2,0,0,12
Consumismo,B2,0,0,0,0,0,0,0
Contacto,B2,2,2,5,0,5,0,12
Contaminación,B2,0,0,4,0,0,0,1
Contaminante,B2,0,0,0,0,0,0,2
Contaminar,B2,0,0,0,0,1,0,3
Contemporáneo,B2,2,1,0,0,0,0,1
Contenedor,B1,0,3,0,0,0,10,2
Contenedores de reciclaje,B1,0,0,0,0,0,0,0
Contento,B1,18,13,6,5,9,7,7
Contento como unas castañuelas,B2,0,0,0,0,0,0,0
Contestador automático,B1,2,1,0,0,0,0,0
Continente,A1-A2,1,0,1,0,0,1,13
Contractura,B2,0,0,0,0,0,0,0
Contraindicaciones,B2,0,0,0,0,0,0,0
Contraindicado,B2,0,0,0,0,0,0,0
Contraseña,B1,0,0,0,0,0,0,0
Contratar,B1,0,0,0,0,0,0,3
Contratar un seguro,B1,0,0,0,0,0,0,0
Contratar un seguro de hogar,B1,0,0,0,0,0,0,0
Contratar un viaje,B1,0,0,0,0,0,0,0
Contrato fijo,B1,0,0,0,0,0,0,0
Contrato indefinido,B2,0,0,0,0,0,0,4
Contrato temporal,B1,0,0,0,0,0,0,1
Control de seguridad,A1-A2,0,0,0,0,0,0,0
Control policial,A1-A2,0,0,0,0,0,0,0
Controlar la respiración,B1,0,0,0,0,0,0,0
Conversación en línea,B1,0,0,0,0,0,0,0
Convivencia,B1,0,0,0,0,0,0,3
Convivir,B1,0,0,0,0,0,0,3
Cooperativa,B2,0,0,0,0,0,0,5
Copa,A1-A2,1,10,8,3,1,3,33
Copa de vino,A1-A2,0,0,0,0,0,0,0
Copia,B2,2,6,0,0,0,0,1
Copia oculta,B1,0,0,0,0,0,0,0
Corazón,B1,13,2,19,12,35,40,16
Corbata,B1,0,2,4,5,2,0,1
Cordero,B1,1,0,1,0,26,0,2
Cordial,B2,0,0,1,0,0,0,0
Cordillera,A1-A2,0,0,0,0,0,0,3
Corporal,B2,0,0,0,0,1,0,2
Corregir,B1,0,0,0,2,1,1,4
Correo certificado,B2,0,0,0,0,0,0,0
Correo electrónico,B2,0,0,1,0,0,0,1
Correo ordinario,B1,0,0,0,0,0,0,0
Correr,A1-A2,26,36,20,22,47,52,22
Correr las cortinas,A1-A2,0,0,0,0,0,0,0
Correr riesgos,B2,0,0,0,0,0,0,0
Correr ríos de tinta,B2,0,0,0,0,0,0,0
Corresponsal,B2,0,1,0,0,0,0,0
Corrupción,B1,0,0,0,0,0,0,6
Cortar,B1,1,4,5,5,7,3,5
Cortar en trozos,B2,0,0,0,0,0,0,0
Cortina,A1-A2,1,1,3,2,0,10,7
Cortina de baño,A1-A2,0,0,0,0,0,1,0
Cortometraje,B2,0,0,0,0,0,0,0
Costa,A1-A2,4,36,8,0,7,1,27
Costa Rica,A1-A2,0,0,0,0,0,0,14
Costarricense,A1-A2,0,0,0,0,0,0,3
Costilla,B2,0,0,0,0,0,0,1
Cotilla,B2,0,0,0,0,0,1,0
Cotizar,B2,0,0,0,0,0,0,6
Creador,B2,0,0,0,0,0,0,3
Crecer,B2,5,3,2,7,19,31,18
Crecimiento demográfico,B2,0,0,0,0,0,0,0
Crema,A1-A2,0,5,2,0,2,0,1
Crema hidratante,B2,0,0,0,0,0,0,0
Crema nutritiva,B2,0,0,0,0,0,0,0
Crisis,B1,0,2,0,0,1,0,32
Croqueta,B1,0,1,0,0,0,0,0
Crucero,B2,0,1,0,0,0,0,1
Cráter,B1,0,0,1,0,0,0,0
Crédito,B2,0,1,1,0,0,0,21
Crítica,B2,2,0,0,0,0,0,20
Crítico,B2,1,0,0,8,0,2,8
Crítico de arte,B2,0,0,0,2,0,0,0
Crónica deportiva,B2,0,0,0,0,0,0,0
Cuaderno,A1-A2,0,1,3,1,0,3,1
Cuadrado,B1,0,0,2,1,1,0,3
Cuadragésimo,A1-A2,0,0,0,0,0,0,0
Cuadro,A1-A2,0,74,6,12,3,10,18
Cuadros,B1,0,74,6,12,3,10,18
Cuarenta,A1-A2,4,8,3,5,6,0,14
Cuarto,A1-A2,2,16,40,34,15,26,37
Cuarto de baño,A1-A2,0,1,4,0,0,8,1
Cuarto poder,B2,0,0,0,0,0,0,0
Cuatro,A1-A2,21,23,21,30,16,11,75
Cuatrocientos,A1-A2,2,0,3,1,0,0,0
Cuba,A1-A2,0,0,11,0,0,0,18
Cubano,A1-A2,0,1,4,0,0,0,27
Cubiertos,A1-A2,7,1,9,5,8,20,8
Cubilete,B2,0,0,0,0,0,0,0
Cubismo,B2,0,0,0,0,0,0,0
Cubo,B1,0,1,3,0,3,1,2
Cubo de fregar,B1,0,0,0,0,0,0,0
Cuchara,A1-A2,0,0,0,0,1,1,0
Cuchilla,B1,0,0,1,0,0,1,0
Cuchilla de afeitar,B1,0,0,0,0,0,0,0
Cuchillo,A1-A2,0,1,3,2,8,2,0
Cuello,A1-A2,6,1,6,8,21,20,3
Cuenco,B2,0,0,0,0,0,3,0
Cuenta,A1-A2,41,14,32,33,48,26,37
Cuenta ahorro,B1,0,0,0,0,0,0,0
Cuenta corriente,B2,0,0,0,0,0,0,0
Cuenta vivienda,B1,0,0,0,0,0,0,0
Cuerda,B1,2,0,2,2,10,4,0
Cuerpo de policía,B2,0,0,0,0,0,0,0
Cuidarse,A1-A2,0,0,0,0,0,0,0
Culebrón,B1,0,0,0,0,0,0,0
Culpable,B2,9,3,1,3,0,1,5
Cultivar,B1,2,0,0,0,1,1,5
Cumpleaños,B1,0,3,1,2,2,12,0
Cuota,B1,0,0,0,0,0,0,3
Curar la herida,B2,1,0,0,0,0,0,0
Curioso,B2,4,4,3,5,10,4,9
Currículum,B1,0,1,1,0,0,0,1
Cursar,B1,0,0,0,0,0,0,3
Cursar estudios,B1,0,0,0,0,0,0,0
Curso,B1,1,4,1,6,0,2,8
Curso de perfeccionamiento,B2,0,0,0,0,0,0,0
Curso elemental,B2,0,0,0,0,0,0,0
Cursos de formación,B1,0,0,0,0,0,0,0
Cursos intensivos,B2,0,0,0,0,0,0,0
Curva,B2,1,0,2,1,0,1,0
Cutis,B2,0,0,0,0,1,0,0
Cuñado,B2,0,0,0,0,0,0,0
Cálculo,B2,0,0,0,3,3,0,10
Cámara,B2,1,6,10,0,0,2,30
Cárcel,B1,11,11,8,2,1,0,8
Célula,B2,0,0,0,0,0,0,10
Césped,B1,0,0,0,0,4,9,6
Círculo,B1,0,0,0,2,4,0,6
Cómic,B1,0,0,0,0,0,0,0
Cómo estás,A1-A2,2,5,2,0,1,4,1
Cómoda,A1-A2,1,2,1,6,3,5,6
Cómodo,B1,1,2,1,6,3,5,6
Cónyuge,B2,0,0,0,0,0,0,0
Cúbico,B1,0,0,0,0,0,0,1
DVD,B1,0,0,0,0,0,0,1
Dados,B2,1,0,0,1,0,0,2
Dar  miedo,B1,0,4,2,2,2,6,0
Dar asco,B2,0,0,0,0,0,2,0
Dar cariño,B2,0,0,0,0,0,0,0
Dar de alta el gas,B2,0,0,0,0,0,0,0
Dar de alta la luz,B2,0,0,0,0,0,0,0
Dar de baja el gas,B2,0,0,0,0,0,0,0
Dar de baja la luz,B2,0,0,0,0,0,0,0
Dar de baja la línea de teléfono,B2,0,0,0,0,0,0,0
Dar el alta,B1,0,0,0,0,0,0,0
Dar en la diana,B2,0,0,0,0,0,0,0
Dar igual,B2,2,2,2,1,1,3,4
Dar la mano,A1-A2,0,0,3,2,0,0,0
Dar lástima,B1,0,0,0,0,0,0,0
Dar línea,B2,0,0,0,0,0,0,0
Dar mal servicio,B2,0,0,0,0,0,0,0
Dar pena,B1,1,0,0,0,0,1,0
Dar puntos en una herida,B2,0,0,0,0,0,0,0
Dar pánico,B2,0,0,0,0,0,0,0
Dar un abrazo,A1-A2,0,0,0,0,0,0,0
Dar un banquete,B2,0,0,0,0,0,0,0
Dar un beso,A1-A2,3,0,2,0,1,1,0
Dar un paseo,B1,1,9,3,1,0,3,0
Dar una señal,B2,0,0,0,0,0,0,0
Darse rímel,B1,0,0,0,0,0,0,0
Darse un buen tute,B2,0,0,0,0,0,0,0
Darse una ducha,B2,1,0,0,0,0,0,0
Datos personales,B2,0,0,0,0,0,0,0
De boca en boca,B2,0,0,0,0,0,0,0
De cuadros,B1,0,4,0,0,1,3,1
De día,A1-A2,3,4,5,1,1,1,6
De fama internacional,B2,0,0,0,0,0,0,0
De nada,A1-A2,4,7,3,5,8,5,1
De noche,A1-A2,4,8,11,6,1,6,1
De rayas,B1,0,0,0,0,0,0,0
Debajo,A1-A2,6,9,8,12,12,14,10
Debajo de,A1-A2,6,8,6,12,11,13,9
Debate,B1,0,0,1,0,0,0,29
Deberes,A1-A2,48,21,57,67,45,30,176
Debilidad,B2,0,0,0,2,0,0,5
Debutar,B2,1,0,0,0,0,0,2
Decaído,B2,0,0,0,0,0,0,0
Decimoctavo,A1-A2,0,0,0,0,0,0,0
Decimocuarto,A1-A2,0,0,0,0,0,0,1
Decimonoveno,A1-A2,0,0,0,0,0,0,0
Decimoquinto,A1-A2,0,0,0,0,0,0,0
Decimosexto,A1-A2,0,0,0,0,0,0,1
Decimoséptimo,A1-A2,0,0,0,0,0,0,0
Decimotercero,A1-A2,0,0,0,0,0,0,0
Declaración oficial,B2,0,0,0,0,0,0,0
Declarar,B1,2,2,2,3,4,4,40
Declarar culpable,B1,0,0,0,0,0,0,0
Declarar inocente,B1,1,0,0,0,0,0,0
Decorado,B2,0,0,0,0,1,1,1
Dedicarse,A1-A2,1,1,0,1,2,0,2
Dedicarse a,A1-A2,1,1,0,1,0,0,2
Dedo,A1-A2,5,5,15,12,12,23,10
Defender una tesis,B2,0,0,0,0,0,0,0
Deforestación,B2,0,0,0,0,0,0,0
Degradar,B2,0,0,0,0,0,0,1
Dejar,B1,95,72,75,74,86,85,99
Dejar a,B1,5,6,6,3,7,3,12
Dejar propina,A1-A2,0,0,0,0,0,0,0
Dejar un mensaje,B1,0,1,0,0,0,0,0
Delantal,B1,0,0,0,3,0,0,0
Delfín,B1,0,4,0,0,0,0,1
Delgado,A1-A2,1,6,1,4,1,3,13
Delincuente,B2,0,1,1,0,0,0,2
Delito,B2,4,1,1,0,0,0,7
Demanda de empleo,B1,0,0,0,0,0,0,0
Densidad,B2,0,0,0,0,0,0,1
Densidad de población,B2,0,0,0,0,0,0,0
Dentista,B1,0,0,0,0,0,0,1
Dentro,A1-A2,8,36,31,23,22,23,45
Dentro de,A1-A2,3,19,19,19,12,14,36
Denuncia,B1,0,0,1,2,0,0,15
Denunciar,B2,1,0,1,0,0,0,18
Departamento comercial,B1,0,0,0,0,0,0,1
Departamento de administración,B1,0,0,0,0,0,0,0
Departamento de investigación y desarrollo,B1,0,0,0,0,0,0,0
Departamento de marketing,B1,0,0,0,0,0,0,1
Departamento de producción,B1,0,0,0,0,0,0,0
Departamento financiero,B1,0,0,0,0,0,0,0
Dependiente,A1-A2,0,0,0,0,0,0,2
Depilarse,B1,0,0,0,0,0,0,0
Depilarse las cejas,B1,0,0,0,0,0,0,0
Depilarse las piernas,B1,0,0,0,0,0,0,0
Deporte,A1-A2,0,1,4,0,1,2,29
Deportista,B2,0,1,0,0,0,0,13
Deportivas,A1-A2,0,0,0,0,0,0,0
Depositar en cuenta,B2,0,0,0,0,0,0,0
Depresión,B1,1,0,0,1,0,0,0
Deprimido,B2,0,1,0,2,0,0,3
Deprimirse,B1,0,0,0,0,0,0,0
Depuradora,B2,0,0,0,0,0,0,0
Derecho civil,B2,0,0,0,0,0,0,4
Derecho penal,B2,0,0,0,0,0,0,0
Derechos,B1,0,0,0,0,0,0,3
Dermatología,B1,0,0,0,0,0,0,1
Desahucio,B2,0,0,0,0,0,0,0
Desalojo,B2,0,0,0,0,0,0,0
Desarrollo sostenible,B1,0,0,0,0,0,0,3
Desastres naturales,B1,0,0,0,0,0,0,0
Desayunar,A1-A2,0,2,4,2,3,2,1
Desayuno,A1-A2,1,4,5,13,2,1,3
Descansar,B1,1,9,8,0,7,2,2
Descanso,B1,2,0,1,1,7,2,7
Descargar,B1,0,0,1,1,0,2,0
Descolgar el teléfono,A1-A2,0,0,0,0,0,0,0
Descoserse,B2,0,0,0,0,0,0,0
Descubrimiento,B2,2,1,2,1,2,0,8
Descuento,B1,0,0,0,0,0,0,2
Desempleado,A1-A2,0,0,0,0,0,0,11
Desempleo,A1-A2,0,0,0,0,0,0,26
Desenchufar,B1,0,0,0,0,0,0,0
Desengaño,B2,1,0,0,1,0,0,0
Desertización,B2,0,0,0,0,0,0,0
Deshielo,B2,0,0,0,0,1,0,0
Desierto,A1-A2,2,0,3,2,6,2,12
Desinfectante,B2,0,0,0,0,0,2,0
Desmayo,B2,2,0,0,0,0,0,0
Desodorante,A1-A2,0,0,0,0,0,2,0
Despacho,A1-A2,10,24,11,6,0,0,4
Despedir,B1,4,4,6,8,5,2,8
Despegar,A1-A2,1,0,0,2,0,0,0
Despegue,A1-A2,0,0,0,0,1,0,2
Desperdicios,B2,0,0,0,2,1,0,3
Despertador,A1-A2,2,0,3,1,0,0,1
Destinatario,B1,0,0,0,0,0,0,1
Destino,A1-A2,2,5,3,5,5,1,14
Detener,B2,15,10,13,32,16,16,28
Detergente,B1,0,0,0,0,0,0,3
Detestar,B2,0,0,0,2,0,0,1
Deudor,B2,0,0,0,0,0,0,0
Devolución,B2,0,0,0,0,0,0,0
Devolver,B1,2,2,5,7,2,1,9
Devolver una llamada,B1,0,0,0,0,0,0,0
Diabetes,B2,0,0,0,0,0,0,0
Diagnóstico,B2,0,0,0,0,0,0,2
Diagonal,B2,0,3,0,0,0,0,1
Dibujar,A1-A2,1,0,1,1,5,1,1
Diccionario,A1-A2,0,0,1,0,0,0,2
Diciembre,A1-A2,0,1,1,0,0,1,22
Diecinueve,A1-A2,0,0,0,2,0,1,1
Dieciocho,A1-A2,1,5,2,1,2,0,3
Diecisiete,A1-A2,1,1,0,0,2,1,2
Dieciséis,A1-A2,0,0,0,0,0,0,2
Diente,A1-A2,6,2,10,1,3,17,9
Dieta alta en calorías,B1,0,0,0,0,0,0,0
Dieta baja en calorías,B1,0,0,0,0,0,0,0
Dieta equilibrada,B1,0,0,0,0,0,0,0
Dieta mediterránea,B1,0,0,0,0,0,0,0
Diez,A1-A2,10,16,11,9,2,9,41
Dinero,A1-A2,20,28,30,14,8,13,22
Dinero en efectivo,B1,0,0,0,0,0,0,0
Dinero en metálico,B1,0,0,0,0,0,0,0
Dirección,B1,4,12,24,10,8,1,31
Dirección de Internet,A1-A2,0,0,0,0,0,0,0
Dirección de correo electrónico,A1-A2,0,0,0,0,0,0,0
Dirección prohibida,B2,0,0,0,0,0,0,0
Dirección única,B2,0,0,0,0,0,0,0
Director,B1,1,6,0,17,1,4,40
Director de orquesta,B1,0,0,0,0,0,0,0
Disco,B1,19,4,3,0,0,5,4
Discoteca,B1,2,5,5,0,0,0,1
Disculpe,A1-A2,0,0,2,2,0,0,1
Discusión,B1,2,1,4,5,2,4,4
Discutir,B1,3,2,0,1,2,4,10
Disfrutar,B2,1,1,0,0,5,3,9
Disfrutar de,B1,1,1,0,0,3,2,4
Disgustado,B2,0,0,1,0,0,1,0
Disparar,B2,0,1,0,3,0,3,4
Disponibilidad total,B1,0,0,0,0,0,0,0
Distancia,B1,2,3,3,5,4,10,21
Distribución,B2,0,0,0,0,0,0,8
Distribuir,B2,0,1,1,1,0,1,2
Diversión,B2,0,0,1,0,1,0,1
Divertido,B1,2,10,2,1,15,14,9
Divertirse,B1,0,0,0,0,0,0,0
Divorciado,B1,0,1,0,0,0,0,0
Divorciarse,B1,0,0,0,0,0,0,0
Divorcio,B1,0,0,1,0,0,0,0
Diálogo,B2,0,0,0,3,0,1,19
Diésel,B1,0,0,0,0,0,0,0
Doblaje,B2,0,0,0,0,0,0,0
Doblar la cintura,B1,0,0,0,0,0,0,0
Doce,A1-A2,8,16,8,4,7,7,18
Docena de huevos,A1-A2,0,0,0,0,0,0,0
Doctor,B2,5,5,1,11,0,11,16
Doctorado,B1,1,0,0,0,0,0,0
Documental,B1,0,0,0,0,0,0,1
Documento,B1,0,6,6,7,0,0,18
Doler,A1-A2,5,5,3,1,2,3,2
Dolor,B2,6,4,8,7,7,8,7
Domingo,A1-A2,5,6,7,8,1,4,42
Dominicano,A1-A2,0,0,0,0,0,0,11
Dominio público,B2,0,0,0,0,0,0,0
Dorada,B2,1,1,3,1,6,4,1
Dorado,B1,1,1,3,1,6,4,1
Dorar,B1,0,0,0,0,0,0,0
Dorar la cebolla,B2,0,0,0,0,0,0,0
Dormir,A1-A2,28,33,25,21,37,20,9
Dormitorio,A1-A2,1,8,4,3,4,7,1
Dos,A1-A2,84,133,136,99,77,102,304
Dos por el precio de uno,B2,0,0,0,0,0,0,0
Dos por uno,B2,0,0,0,1,0,0,0
Doscientos,A1-A2,0,0,0,0,0,0,0
Drama,B2,4,0,1,8,2,0,2
Dramaturgo,B2,0,0,0,0,0,0,0
Ducha,A1-A2,3,1,9,0,1,3,3
Ducharse,A1-A2,0,0,0,0,0,0,0
Dueño,B2,8,2,5,4,9,2,6
Dulce,B2,4,2,13,2,16,10,0
Dulces,B1,4,2,13,2,16,10,0
Duodécimo,A1-A2,0,0,0,0,0,0,4
Duplicado,B2,0,0,0,0,0,0,0
Durar,A1-A2,0,2,6,4,6,2,9
Dureza,B2,0,0,0,1,0,1,1
Décimo,A1-A2,0,0,1,0,0,1,2
Día de fiesta,A1-A2,0,4,0,0,1,0,0
Día del espectador,B2,0,0,0,0,0,0,0
Dúplex,A1-A2,0,0,0,0,0,0,0
Echar,B1,19,6,9,29,31,56,25
Echar a,B1,6,2,2,8,12,27,5
Echar un vistazo,B2,1,0,0,0,1,4,0
Ecografía,B2,0,0,0,0,0,0,0
Ecologista,B1,0,1,1,0,0,0,1
Ecología,B1,0,0,0,0,0,0,3
Economista,B1,0,0,0,0,0,0,4
Ecosistema,B2,0,0,1,0,0,0,4
Ecuador,A1-A2,0,0,0,0,0,0,30
Ecuatoriano,A1-A2,0,0,3,0,0,0,13
Edificio,B1,2,43,7,14,1,4,13
Edificio de apartamentos,B1,0,0,0,0,0,0,0
Editor,B2,6,0,0,1,0,0,2
Editorial,B2,2,0,0,1,0,0,8
Edredón,A1-A2,0,0,0,0,0,0,0
Educación,B1,0,2,1,3,0,0,12
Educación Infantil,B1,0,0,0,0,0,0,0
Educación Primaria,B1,0,0,0,0,0,0,0
Educación Secundaria,B1,0,0,0,0,0,0,0
Educación Secundaria Obligatoria,B1,0,0,0,0,0,0,0
Educado,B2,0,0,1,2,0,1,1
Educar,B1,0,1,0,2,2,1,2
Efecto invernadero,B2,0,0,0,0,0,0,0
Efectos especiales,B2,0,0,0,0,0,0,0
Efectos secundarios,B2,0,0,0,0,0,0,0
Egoísta,A1-A2,0,0,0,0,0,0,0
Ejecutivo,A1-A2,0,2,1,0,0,0,38
Ejercicio,A1-A2,3,1,0,0,4,1,18
Ejercicio físico,A1-A2,0,0,0,0,1,0,0
El Salvador,A1-A2,0,0,0,0,0,0,9
El gusto es mío,A1-A2,0,0,0,0,0,0,0
Elasticidad,B2,0,0,0,1,0,0,0
Electricidad,B2,0,0,0,1,0,1,8
Electricista,B2,0,0,0,0,0,0,2
Electrodoméstico,B1,0,0,1,0,0,0,1
Elefante,B1,0,0,1,0,7,0,0
Elegante,B1,2,7,4,4,8,0,2
Elemento,B2,1,0,0,3,0,0,16
Eliminar,B2,0,0,0,1,1,0,22
Eliminar virus,B2,0,0,0,0,0,0,0
Embarcar,A1-A2,1,0,1,0,0,0,0
Embutido,B1,0,0,0,0,0,0,0
Emisiones tóxicas,B2,0,0,0,0,0,0,0
Emisora,B1,0,1,0,0,0,0,4
Emitir,B2,0,1,0,1,0,2,18
Emocionarse,B2,0,0,0,0,0,0,0
Empanado,B2,0,0,0,0,0,0,0
Empatar,B1,0,0,0,0,0,0,5
Empate,B2,0,0,0,0,0,0,15
Empleo,A1-A2,0,0,0,1,2,0,48
Empleo fijo,B2,0,0,0,0,2,0,0
Empleo remunerado,B2,0,0,0,0,0,0,0
Empresa,B1,9,9,4,1,0,0,125
Empresa de mensajería,B2,0,0,0,0,0,0,0
En coma,B2,0,1,0,0,0,0,0
En efectivo,B1,0,0,0,0,0,0,1
En el centro,A1-A2,0,12,7,4,5,9,11
En el centro de,A1-A2,0,7,5,3,2,5,6
En urgencias,B2,0,0,0,0,0,0,0
Enamorado,B1,6,1,7,2,5,5,1
Enamoramiento,B1,0,0,0,0,0,1,0
Enamorarse,B1,0,0,0,0,0,0,0
Encantado de conocerle,A1-A2,0,0,0,0,0,0,0
Encender el horno,B1,0,0,0,0,0,0,0
Encender la luz,A1-A2,0,1,0,2,0,0,0
Enchufar,B1,0,0,0,0,0,0,0
Enchufe,B2,0,1,0,0,0,0,0
Encima,A1-A2,18,21,11,9,19,33,12
Encima de,A1-A2,11,18,6,6,15,27,9
Encoger,B2,0,0,0,0,2,4,0
Encontrar pruebas,B2,0,0,0,0,0,0,0
Encontrarse bien,B1,0,0,0,0,0,0,0
Encontrarse mal,B2,0,0,0,0,0,0,0
Encontrarse regular,B1,0,0,0,0,0,0,0
Energía,B1,0,0,0,4,4,1,21
Energía eólica,B2,0,0,0,0,0,0,0
Energía solar,B2,0,0,0,0,1,0,2
Energías alternativas,B2,0,0,0,0,0,0,0
Energías renovables,B2,0,0,0,0,0,0,0
Enero,A1-A2,1,3,2,1,0,0,24
Enfadado,B2,0,7,1,1,1,3,0
Enfadarse,B1,0,0,0,0,0,1,0
Enfado,B1,2,6,0,0,1,5,0
Enfermedad,A1-A2,6,2,6,5,0,2,25
Enfermedad contagiosa,B2,0,0,0,0,0,0,0
Enfermedad crónica,B2,0,0,0,0,0,0,0
Enfermedad grave,B2,0,0,0,0,0,0,0
Enfermedad hereditaria,B2,0,0,0,0,0,0,0
Enfermedad leve,B2,0,0,0,0,0,0,0
Enfermedad mental,B2,0,0,0,0,0,0,0
Enfermedad terminal,B2,0,0,0,0,0,0,0
Enfermero,A1-A2,0,3,0,3,0,0,0
Enfermo,A1-A2,1,8,17,4,2,3,0
Enfocar,B2,0,0,2,0,0,1,2
Enfrente,A1-A2,0,3,4,14,2,7,4
Enfrente de,A1-A2,0,1,3,4,0,6,1
Engordar,B1,0,4,0,0,0,0,1
Enmarcar,B2,0,0,0,0,0,0,0
Ensalada,B1,0,7,2,0,0,3,1
Ensaladera,B2,0,0,0,0,0,0,0
Ensayar,B1,0,0,0,0,0,13,2
Enseñanza,B1,3,0,0,0,1,0,5
Enseñanza primaria,B2,0,0,0,0,0,0,0
Enseñanza privada,B2,0,0,0,0,0,0,0
Enseñanza pública,B2,0,0,0,0,0,0,1
Enseñanza secundaria,B2,0,0,0,0,0,0,0
Enseñar,B1,6,11,6,4,9,11,6
Entender,A1-A2,33,41,13,25,19,15,35
Enterarse por casualidad,B2,0,0,0,0,0,0,0
Enterarse por la prensa,B2,0,0,0,0,0,0,0
Entrada,B1,4,11,8,12,11,7,19
Entrante,B1,0,0,0,0,0,0,1
Entre,A1-A2,49,33,78,55,54,64,322
Entregar un paquete,B2,0,0,0,0,0,0,0
Entrenador,B2,0,0,0,0,0,3,23
Entrenamiento,B2,0,0,0,0,3,0,16
Entrenar,A1-A2,0,0,0,0,8,0,5
Entrenarse,B2,0,0,0,0,0,0,1
Entretenerse,B1,0,0,0,0,0,0,0
Entretenimiento,B1,0,0,0,0,0,0,0
Entrevista,A1-A2,1,1,5,1,0,0,13
Envase,B1,0,0,0,0,0,0,0
Enviado especial,B2,0,0,0,0,0,0,0
Enviar un mensaje,B1,0,0,0,0,0,0,0
Enviar un paquete,B1,0,0,0,0,0,0,0
Enviar una carta certificada,B1,0,0,0,0,0,0,0
Envolver,B1,1,0,0,0,0,1,2
Epicentro,B1,0,0,0,0,0,0,0
Episodio,B1,2,0,0,2,5,0,3
Equilibrado,A1-A2,0,0,1,0,0,0,2
Equilibrio climático,B2,0,0,0,0,0,0,0
Equipaje,B1,0,0,1,0,0,0,1
Equipaje de mano,A1-A2,0,0,0,0,0,0,0
Equipo,B2,7,5,4,0,2,0,171
Equipo de música,A1-A2,0,0,0,0,0,0,0
Equipo informático,B2,0,0,0,0,0,0,0
Equipo local,B1,0,0,0,0,0,0,0
Equipo visitante,B1,0,0,0,0,0,0,0
Error,A1-A2,4,0,4,5,2,2,16
Erupción volcánica,B1,0,0,0,0,1,0,0
Escala,B1,0,0,1,0,0,3,8
Escalador,B1,0,0,0,0,0,0,1
Escaparate,B2,0,1,0,1,0,2,2
Escasez,B2,0,0,0,1,0,0,6
Escayola,B2,0,0,0,0,0,0,0
Escena,B2,1,2,3,22,4,1,3
Escenario,B2,3,0,2,0,1,3,17
Escoba,B1,0,0,0,0,0,0,0
Escobilla,A1-A2,0,0,0,0,0,0,0
Esconder un as en la manga,B2,0,0,0,0,0,0,0
Esconderse,B2,0,0,0,0,0,0,0
Escondite,B2,0,0,1,0,5,0,2
Escribir,A1-A2,22,21,19,15,8,14,21
Escritor,A1-A2,5,4,6,2,1,0,9
Escuchar,A1-A2,22,26,22,16,41,21,10
Escuchar la radio,B1,1,1,0,0,0,0,0
Escuchar música,A1-A2,0,2,0,0,1,0,0
Escuela privada,B1,0,0,0,0,0,0,0
Escuela pública,B1,0,0,0,0,0,0,0
Esculpir,B2,0,0,0,0,0,0,0
Escultor,B1,1,0,1,0,0,0,0
Escultura,B2,1,0,1,0,0,0,0
Escáner,B2,0,0,0,0,0,0,0
Espacio publicitario,B2,0,0,0,0,0,0,0
Espacio urbano,A1-A2,0,0,0,0,0,0,0
Espaguetis,A1-A2,0,0,0,0,0,8,0
Espalda,B1,10,9,15,5,9,32,7
Esparadrapo,B2,0,0,0,0,0,0,0
España,A1-A2,15,37,20,6,0,0,112
Español,A1-A2,9,62,28,4,0,0,168
Especialista,B1,1,0,1,2,0,0,11
Espectador,B1,1,0,0,6,1,0,9
Espejo,A1-A2,15,4,7,4,23,28,10
Espinacas,B1,0,0,0,0,1,2,0
Esponja,A1-A2,0,0,0,0,0,1,1
Esposo,A1-A2,1,0,3,3,3,1,2
Esqueleto,B2,1,0,1,1,0,0,2
Esquiador,B1,0,0,0,0,0,0,1
Esquiar,B1,1,0,0,0,0,0,0
Esquina,A1-A2,2,9,6,5,0,7,5
Esquí,B2,0,0,0,0,0,0,0
Esquí alpino,B1,0,0,0,0,0,0,0
Esquí de fondo,B1,0,0,0,0,0,0,0
Estabilidad laboral,B1,0,0,0,0,0,0,0
Establecer comunicación,B2,0,0,0,0,0,0,0
Establecimiento,B2,0,0,0,6,0,0,6
Estación,A1-A2,0,13,2,0,2,4,6
Estación de metro,A1-A2,0,0,0,0,0,0,0
Estación de tren,A1-A2,0,1,0,0,0,0,1
Estadio,B2,0,0,0,1,0,0,26
Estadística,B2,0,0,0,0,0,0,4
Estallido,B2,1,0,0,0,1,0,3
Estampado de flores,B1,0,0,0,0,0,0,0
Estanco,A1-A2,0,1,0,0,0,0,0
Estantería,A1-A2,2,0,0,0,0,2,0
Estar a dieta,B2,0,0,0,0,0,0,0
Estar a la moda,B1,0,0,0,0,0,0,0
Estar a régimen,B2,0,0,0,0,0,0,0
Estar bien,B1,6,9,7,9,6,15,9
Estar casado,B1,1,1,1,0,0,0,1
Estar comunicando,B1,0,0,0,0,0,0,0
Estar conectado,B1,0,0,0,0,0,0,0
Estar de baja,B2,0,0,0,0,0,0,0
Estar de mal humor,B1,1,3,0,0,0,0,0
Estar de pie,B1,0,1,1,0,1,3,0
Estar en Babia,B2,0,0,0,0,0,0,0
Estar en forma,B2,0,0,2,0,0,0,1
Estar en oferta,B1,0,0,0,0,0,0,0
Estar en prácticas,B2,0,0,0,0,0,0,0
Estar estropeado,B1,0,0,0,0,0,0,0
Estar libre,B1,1,6,3,0,0,0,0
Estar limpio,B1,1,2,0,0,0,0,0
Estar mal,B1,2,1,3,0,1,0,0
Estar mal enchufado,B1,0,0,0,0,0,0,0
Estar manga por hombro,B2,0,0,0,0,0,0,0
Estar muy hecho,B1,0,0,0,0,0,0,0
Estar ocupado,B1,0,0,0,1,2,0,0
Estar patas arriba,B2,0,0,0,0,0,0,0
Estar poco hecho,B1,0,0,0,0,0,0,0
Estar rebajado,B1,0,0,0,0,0,0,0
Estar regular,B1,0,0,0,0,0,0,0
Estar retrasado,B2,0,0,0,0,0,0,0
Estar sentado,B1,2,5,4,2,7,14,0
Estatua,B2,2,0,1,0,0,21,0
Este,A1-A2,372,261,287,255,226,125,822
Estilo,B2,3,0,3,4,2,5,6
Estilo realista,B1,0,0,0,0,0,0,0
Estilo surrealista,B1,0,0,0,0,0,0,0
Estiramientos,B1,0,0,0,0,0,0,0
Estirar,B1,0,1,0,0,1,1,2
Estrategia,B2,0,0,0,0,0,0,18
Estrecho,B1,0,6,7,3,5,0,6
Estrella,A1-A2,5,1,12,7,27,15,9
Estreno,B2,1,0,0,0,0,0,1
Estresado,B1,0,1,0,0,0,0,0
Estresarse,B2,0,0,0,0,0,0,0
Estrofa,B2,0,0,0,0,0,0,0
Estropajo,B1,0,0,0,0,0,1,2
Estrés,B1,0,0,0,0,0,0,0
Estudiante en prácticas,B1,0,0,0,0,0,0,0
Estudiar,A1-A2,9,9,9,13,1,4,15
Está comunicando,A1-A2,0,0,0,0,0,0,0
Estética,B2,3,0,1,0,0,1,2
Estómago,B2,3,4,6,2,1,6,1
Etiqueta,B2,1,0,0,1,1,7,2
Evento,B1,0,0,0,0,0,0,1
Ex marido,A1-A2,0,2,0,0,0,0,0
Ex mujer,A1-A2,1,1,0,0,0,0,0
Examen,A1-A2,2,0,4,7,0,2,3
Examen escrito,B1,0,0,0,0,0,0,0
Examen final,B2,0,0,1,0,0,0,0
Examen oral,B1,0,0,0,0,0,0,0
Examen parcial,B2,0,0,0,0,0,0,0
Examinar,A1-A2,0,0,0,8,0,2,5
Excursionista,B1,0,0,0,0,0,0,0
Excursión,A1-A2,0,1,0,2,0,1,1
Exfoliar,B2,0,0,0,0,0,0,0
Exhibir,B2,0,0,0,0,0,0,4
Experiencia,B1,8,0,2,9,2,0,27
Explosión,B2,0,0,0,1,1,0,15
Exposición,B1,2,0,1,2,1,1,6
Exposición de pintura,A1-A2,0,0,0,0,0,0,0
Expresionismo,B2,0,0,0,1,0,0,0
Expresionista,B2,0,0,0,1,0,0,0
Exprimido,B2,0,0,0,0,0,0,0
Exquisito,B2,0,0,0,0,2,0,1
Extensión,B1,0,0,0,1,0,1,9
Exterior,A1-A2,1,2,1,2,4,3,22
Extrovertido,B1,0,0,0,0,0,0,2
Factura,B2,2,4,1,0,0,1,0
Factura de teléfono,B2,0,0,0,0,0,0,0
Facturar,A1-A2,0,1,0,0,0,0,3
Falda,B1,1,0,6,0,1,5,0
Falta,B1,13,3,12,7,10,9,52
Falta de luminosidad,B2,0,0,0,0,0,0,0
Familia,A1-A2,7,19,35,34,16,32,29
Familia adoptiva,B2,0,0,0,0,0,0,0
Familia numerosa,B2,0,0,0,1,0,0,0
Faringe,B2,0,0,0,0,0,0,0
Faringitis,B2,0,0,0,0,0,0,0
Farmacia,A1-A2,0,0,1,1,0,0,0
Fascinar,B2,0,0,0,0,0,0,0
Fauna,B2,0,0,1,0,0,0,2
Fax,A1-A2,0,1,0,0,0,0,1
Febrero,A1-A2,2,3,0,5,0,3,15
Festival,B2,0,1,0,0,0,0,1
Fianza,B1,0,0,0,0,0,0,1
Fibra,B1,0,0,0,1,0,0,0
Fichar,B2,0,1,0,0,0,0,2
Fichas,B2,0,0,0,0,0,4,2
Fiebre,B1,0,0,0,3,1,4,6
Fiebre alta,B2,0,0,0,0,0,0,0
Fiesta,A1-A2,4,14,19,5,9,26,12
Fiesta de disfraces,B1,0,0,0,0,0,0,0
Fiesta formal,B1,0,0,0,0,0,0,0
Fiesta informal,B1,0,0,0,0,0,0,0
Fiesta tradicional,B1,0,0,0,0,0,0,0
Fiesta típica,B1,0,0,0,0,0,0,0
Figura,B1,24,1,2,3,5,5,14
Filete de ternera,A1-A2,0,0,0,0,0,0,0
Final,B2,10,22,18,15,9,13,100
Financiación,B2,1,0,0,0,0,0,9
Firmar un contrato,B1,0,0,0,0,0,0,0
Fiscal,B2,0,3,0,2,0,0,27
Flan,B1,0,0,0,0,1,0,0
Flash,B1,0,0,0,0,0,0,0
Flauta,B1,0,0,0,0,0,0,0
Flautista,B1,0,0,0,0,21,0,0
Flexible,B1,0,0,0,0,2,0,2
Flexionar la rodilla,B1,0,0,0,0,0,0,0
Flexo,A1-A2,0,0,0,0,0,1,0
Flojo,B2,0,0,0,0,0,0,1
Flor,A1-A2,8,7,29,17,81,26,4
Flora,B2,0,0,0,1,0,0,1
Florero,B1,0,0,0,0,0,2,0
Foca,B1,0,0,1,0,1,0,0
Fondo,B1,7,2,16,11,12,9,62
Fondo de inversión,B2,0,0,0,0,0,0,7
Fontanero,B2,0,0,0,0,0,2,0
Formación a cargo de la empresa,B1,0,0,0,0,0,0,0
Formación continua,B1,0,0,0,0,0,0,0
Formación profesional,B1,0,0,0,0,0,0,2
Formular una pregunta,B2,0,0,0,0,0,0,0
Foro de discusión,A1-A2,0,0,0,0,0,0,0
Foso,B1,0,1,0,0,1,0,1
Foto central,B2,0,0,0,0,0,0,0
Fotocopia,A1-A2,2,1,0,0,0,0,0
Fotografiar,B1,0,0,0,0,0,0,0
Fotografía digital,B2,0,0,0,0,0,0,0
Fotógrafo,B1,0,0,1,1,0,0,1
Fracturarse un hueso,B2,0,0,0,0,0,0,0
Fragilidad,B2,0,0,0,0,0,0,3
Fragmento,B2,0,0,0,0,3,0,3
Frambuesa,B2,0,0,0,0,0,0,0
Fregadero,A1-A2,0,0,1,0,2,2,0
Fregar,B2,0,0,0,0,2,0,2
Fregar el suelo,B1,0,0,0,0,1,0,0
Fregona,B1,0,0,0,0,0,0,1
Frenar,B1,0,0,0,0,0,1,11
Freno,B1,2,0,0,0,0,0,3
Fresa,A1-A2,0,1,3,0,1,8,1
Fresco,B1,1,3,1,1,3,3,1
Freír,B1,0,0,0,0,0,0,1
Frigorífico,A1-A2,1,1,0,0,0,0,2
Frito,B1,2,0,0,0,0,1,1
Frontera,B2,1,3,2,0,0,0,20
Fruta,B1,3,2,9,0,4,1,1
Frutero,A1-A2,0,0,0,0,1,0,0
Frutería,A1-A2,0,0,0,0,0,0,0
Frutos del bosque,B2,0,0,0,0,0,0,0
Frutos secos,B2,0,0,0,0,0,0,0
Frío,B1,3,9,19,8,17,28,16
Fuego,B1,6,5,17,8,14,21,14
Fuente,B2,6,12,2,5,5,1,64
Fuerte,A1-A2,10,17,17,9,22,15,47
Funcionar,B1,5,6,2,2,1,9,10
Futbolista,B2,0,0,0,0,0,0,9
Físico,B2,0,1,0,5,1,0,33
Fórmula,B2,1,2,0,4,0,0,15
Fútbol,B2,0,4,2,0,0,0,44
Gafas de sol,A1-A2,0,1,2,0,0,0,0
Galleta,A1-A2,0,1,1,0,4,0,0
Gallina,B1,1,0,1,3,7,2,2
Gallo,A1-A2,0,0,0,7,0,0,3
Gamba,A1-A2,0,0,0,0,0,0,1
Ganador,B2,0,0,0,0,0,0,12
Ganancia,B2,0,0,2,0,0,0,2
Ganar,B1,24,14,16,14,8,15,108
Ganar dinero,A1-A2,0,0,2,1,0,2,0
Ganga,B2,0,0,0,0,0,0,0
Garaje,A1-A2,0,3,0,0,0,2,0
Garantizar,B1,0,0,0,1,1,0,24
Garantía,B1,0,0,0,0,0,0,9
Garbanzo,B1,0,0,0,0,0,0,0
Garganta,A1-A2,2,0,5,0,3,5,1
Gas,B1,1,0,0,0,0,2,18
Gasa,B2,0,0,0,0,0,1,0
Gasolina,A1-A2,0,0,0,1,0,0,1
Gasolina sin plomo,B1,0,0,0,0,0,0,0
Gasolinera,B1,0,0,0,0,0,0,4
Gastos de envío,B1,0,0,0,0,0,0,0
Gato,A1-A2,3,1,9,8,83,17,5
Gel,A1-A2,0,0,1,0,0,0,0
Gemelo,B2,0,5,8,5,0,4,6
Generoso,B2,3,0,1,0,4,3,4
Gimnasia,B2,0,0,0,1,1,0,2
Gimnasio,A1-A2,0,0,0,0,0,3,0
Ginecólogo,B1,0,0,0,0,0,0,0
Globo,B1,0,0,0,2,1,8,4
Gol,B1,0,0,0,0,0,0,63
Golpe,B1,14,11,12,9,4,12,25
Golpear,B1,1,0,2,2,5,3,4
Goma de borrar,A1-A2,0,0,0,0,0,0,0
Gordito,A1-A2,0,5,0,0,4,0,0
Gordo,A1-A2,4,8,8,3,19,5,6
Gorra,A1-A2,0,0,3,2,0,9,0
Gota,B1,1,1,8,12,3,6,4
Grabar,B2,0,0,0,1,0,1,0
Grado,B1,5,1,1,2,0,4,21
Grado de parentesco,B2,0,0,0,0,0,0,0
Grado medio,B1,0,0,0,0,0,0,0
Graduado,B1,0,0,0,0,0,0,0
Gramo,B1,0,0,1,0,0,0,3
Granja,B1,0,0,0,0,3,1,3
Grapa,A1-A2,0,0,0,0,0,0,0
Grapadora,A1-A2,0,0,0,0,0,0,0
Grapar,A1-A2,0,0,0,0,0,0,0
Grasa,B1,0,0,2,1,3,0,2
Gratis,A1-A2,0,2,1,0,1,0,1
Gratuito,A1-A2,0,0,1,0,0,0,4
Grave,A1-A2,7,7,4,2,3,3,24
Grifo,A1-A2,0,0,1,0,0,3,1
Gripe,A1-A2,0,0,0,0,0,1,4
Grupo de rock,A1-A2,0,0,0,0,0,0,0
Grúa,B2,0,0,0,0,0,0,1
Guante,A1-A2,0,0,0,0,1,2,1
Guapo,A1-A2,6,29,6,2,4,7,2
Guardar un archivo,B1,0,0,0,0,0,0,0
Guatemala,A1-A2,0,0,2,0,0,0,9
Guatemalteco,A1-A2,0,0,0,0,0,0,3
Guindilla,B1,0,0,0,0,0,0,0
Guinea Ecuatorial,A1-A2,0,0,0,0,0,0,0
Guineano,A1-A2,0,0,0,0,0,0,0
Guion,B2,0,0,0,0,0,0,0
Guion bajo,A1-A2,0,0,0,0,0,0,0
Guionista,B2,1,0,0,0,0,0,0
Guitarra,B1,2,0,2,0,0,15,0
Guitarrista,B1,0,0,0,0,1,1,0
Gusto,B2,18,2,8,9,3,6,8
Guía telefónica,B1,0,0,0,0,0,0,0
Género literario,B2,0,0,0,0,0,0,0
Habitación,A1-A2,8,45,17,55,10,60,6
Habitación doble,A1-A2,0,0,0,0,0,0,0
Habitación individual,A1-A2,0,0,0,0,0,0,0
Hablador,B1,2,0,0,0,0,0,0
Hacer abdominales,B1,0,0,0,0,0,0,0
Hacer cine,B1,0,0,0,0,0,0,0
Hacer crucigramas,B1,0,0,0,0,0,0,0
Hacer deporte,A1-A2,0,0,0,0,0,0,0
Hacer ejercicio,B1,0,0,0,0,1,1,2
Hacer escala,B2,0,0,0,0,0,0,0
Hacer escalada,B1,0,0,0,0,0,0,0
Hacer estiramientos,B1,0,0,0,0,0,0,0
Hacer fijo,B2,0,0,0,0,0,0,0
Hacer flexiones,B1,0,0,0,0,0,0,0
Hacer ilusión,B2,0,0,0,0,0,0,2
Hacer la cama,B1,0,0,1,0,0,0,0
Hacer la comida,B1,0,0,1,0,0,0,0
Hacer la compra,B1,0,1,1,0,0,0,0
Hacer los deberes,A1-A2,0,0,0,0,1,2,0
Hacer oídos sordos,B2,0,0,0,0,0,0,0
Hacer prácticas,B1,0,0,0,0,0,0,0
Hacer senderismo,B1,0,0,0,0,0,0,0
Hacer testamento,B2,0,0,0,0,0,0,0
Hacer trampas,B2,0,0,0,0,0,0,0
Hacer turismo,B1,1,1,0,0,0,0,0
Hacer un stop,B1,0,0,0,0,0,0,0
Hacer una ampliación,B2,0,0,0,0,0,0,0
Hacer una apuesta,B2,0,0,0,0,0,0,2
Hacer una llamada,B1,0,0,0,0,0,0,0
Hacer una reserva,A1-A2,0,0,0,0,0,0,0
Hacer una transferencia,B2,0,0,0,0,0,0,0
Hacerse eco de algo,B2,0,0,0,0,0,0,0
Hacerse la manicura,B2,0,0,0,0,0,0,0
Hacerse un esguince,B2,0,0,0,0,0,0,0
Hacerse una idea,B2,0,0,0,0,0,0,0
Hacerse una idea acerca de algo,B2,0,0,0,0,0,0,0
Hambre,A1-A2,8,7,15,5,24,6,10
Hamburguesería,B2,0,0,0,0,0,0,0
Harina integral,B2,0,0,0,0,0,0,0
Heladera,A1-A2,0,0,0,0,0,0,0
Heladero,A1-A2,0,0,0,0,0,0,0
Heladería,A1-A2,0,0,0,0,0,0,0
Helado,A1-A2,0,1,1,0,1,5,3
Helado de chocolate,A1-A2,0,0,0,0,0,0,0
Helado de vainilla,A1-A2,0,0,1,0,0,0,0
Helar,A1-A2,0,0,0,0,0,0,0
Helicóptero,B1,0,0,0,0,0,1,2
Helio,B2,0,0,0,0,0,0,3
Hemisferio Norte,A1-A2,0,0,0,0,0,0,0
Hemisferio Sur,A1-A2,0,0,0,0,0,0,0
Heredar,B2,1,1,1,3,0,0,3
Heredero,B2,0,0,0,0,4,0,3
Herida,B2,6,5,2,2,2,2,8
Herida profunda,B2,0,0,0,0,0,0,0
Herida superficial,B2,0,0,0,0,0,0,0
Herido,B2,6,5,2,2,2,2,8
Herir la sensibilidad,B2,0,0,0,0,0,0,0
Hermano,A1-A2,13,18,3,24,54,22,18
Hervido,B1,0,0,0,0,0,0,0
Hervir,B1,0,0,0,0,1,0,0
Heterogéneo,B2,0,0,0,1,0,0,0
Hidratación,B2,0,0,0,0,0,0,0
Hidratos de carbono,B1,0,0,0,0,0,0,1
Hidromasaje,B2,0,0,0,0,0,0,0
Hidrógeno,B2,0,0,0,0,0,0,2
Hielo,A1-A2,0,2,2,0,10,8,6
Hierba,B1,3,0,8,1,12,8,7
Hierro,B2,1,1,1,3,1,7,5
Hijo,A1-A2,25,15,44,46,40,18,33
Hijo adoptivo,B2,0,0,0,0,0,0,0
Hijo único,A1-A2,1,0,1,1,0,2,0
Hijos adoptivos,B1,0,0,0,0,0,0,0
Hipertensión,B2,0,0,0,0,0,0,0
Hipoteca,B2,0,1,0,0,0,0,1
Hipotenusa,B2,0,0,0,0,0,0,0
Hipótesis,B2,1,1,0,4,0,0,4
Hockey sobre hielo,B1,0,0,0,0,0,0,0
Hoja,B1,3,1,12,6,20,13,6
Hoja de papel,A1-A2,0,0,1,0,1,0,2
Hola,A1-A2,3,18,7,2,1,3,1
Hombre,A1-A2,109,164,101,124,65,28,115
Hombro,B1,7,4,6,10,11,31,4
Homeopático,B2,0,0,0,0,0,0,0
Honduras,A1-A2,0,0,0,0,0,0,14
Hondureño,A1-A2,0,0,0,0,0,0,15
Hora,A1-A2,48,57,73,50,40,20,90
Horario,A1-A2,0,4,2,0,1,0,4
Horario flexible,B1,0,0,0,0,0,0,0
Horizontal,B2,0,0,0,1,0,1,0
Horneado,B1,0,0,0,0,0,0,0
Horno,A1-A2,0,4,0,0,8,5,2
Hortaliza,B1,0,0,1,0,1,0,0
Hospital,A1-A2,2,11,9,2,0,3,6
Hostal,B1,0,0,0,0,0,0,0
Huelga,B1,0,1,0,0,1,0,18
Huella,B2,1,5,4,2,1,3,7
Huerta,B1,0,1,1,0,0,0,0
Huerto,B1,0,0,1,0,3,0,4
Hueso,B1,7,0,3,3,6,3,10
Huevo,B1,1,0,1,1,36,5,6
Huevo frito,A1-A2,1,0,0,0,0,1,0
Humano,A1-A2,4,0,1,14,15,0,38
Humo,B1,1,6,1,3,4,1,2
Huracán,B1,0,0,0,0,1,3,2
Hurgar en la herida,B2,0,0,0,0,0,0,0
Hurto,B1,0,0,0,0,0,0,0
Huso horario,A1-A2,0,0,0,0,0,0,0
Hábitat,B2,0,0,0,0,0,0,2
Hígado,B2,0,0,0,1,2,0,0
Húmedo,A1-A2,0,2,5,2,2,7,3
Identificar huellas,B2,0,0,0,0,0,0,0
Iglesia,B1,6,6,32,15,5,2,4
Ilegal,B1,0,0,0,0,0,0,16
Impaciente,B1,2,1,2,1,1,4,0
Impacto medioambiental,B2,0,0,0,0,0,0,0
Impresionismo,B2,0,0,0,0,0,0,0
Impresionista,B2,0,0,0,0,0,0,1
Impresora,A1-A2,0,0,0,0,0,0,0
Imprimir,B2,1,0,0,0,0,0,1
Incendio forestal,B1,0,0,0,0,0,0,0
Incidencia,B2,0,0,0,0,0,0,8
Incorporación inmediata,B1,0,0,0,0,0,0,0
Indemnización,B2,0,0,0,0,0,0,8
Indicar una maniobra,B1,0,0,0,0,0,0,0
Indigesto,B2,0,0,0,0,0,0,0
Indignado,B2,0,0,0,0,0,1,2
Industrial,B2,2,3,0,1,0,0,20
Infarto,B2,0,1,1,0,0,0,0
Infección,A1-A2,0,0,0,0,0,0,5
Inflamado,B2,0,0,0,0,0,0,1
Información,A1-A2,5,13,6,1,0,0,34
Informativos,B2,0,0,0,0,0,0,6
Infusión,B1,0,0,0,0,4,0,0
Ingrediente,A1-A2,0,0,0,1,0,0,1
Ingredientes,B1,0,0,0,1,0,0,1
Ingresos,B2,1,0,0,1,0,0,13
Inmueble,B2,0,0,0,0,0,0,3
Inocente,B2,1,3,2,2,3,1,4
Inodoro,A1-A2,0,0,1,0,0,0,0
Inquilino,B2,0,0,1,7,0,0,1
Inscribirse,B1,0,0,0,0,0,0,0
Inseguro,B1,0,0,0,0,0,0,0
Inspector,B2,5,38,2,0,0,0,1
Instalaciones deportivas,B2,0,0,0,0,0,0,1
Instalación eléctrica,B2,0,0,0,0,0,0,0
Instalar,B2,2,1,2,2,1,1,9
Instalar un programa,B1,0,0,0,0,0,0,0
Instrucción,A1-A2,0,1,0,3,1,0,1
Instrumento de cuerda,B1,0,0,0,0,0,1,0
Instrumento de percusión,B1,0,0,0,0,0,0,0
Instrumento de viento,B1,0,0,0,0,0,0,0
Insultar,B1,1,0,1,1,0,3,4
Insulto,B1,0,5,1,2,2,2,6
Insípido,B2,0,0,0,0,0,0,0
Inteligente,A1-A2,1,4,3,3,7,1,5
Intercambiador,B2,0,0,0,0,0,0,0
Intercambiar,B1,0,0,0,1,0,1,5
Intercambio,B1,0,0,0,1,1,0,8
Intereses,B2,4,5,2,11,2,5,52
Interior,A1-A2,4,4,4,7,15,8,31
Internet,B2,0,1,5,0,0,0,15
Interrogar,B2,1,1,0,3,1,0,2
Interruptor,B2,0,0,0,0,1,1,0
Interurbano,B2,0,0,0,0,0,0,0
Interés fijo,B2,0,0,0,0,0,0,0
Interés variable,B2,0,0,0,0,0,0,0
Intestino,B2,0,0,0,0,0,0,4
Intranquilo,B1,0,0,0,0,0,1,0
Introvertido,B1,0,0,0,0,0,0,1
Inundación,B1,0,0,0,0,0,0,1
Invernadero,B1,0,0,0,0,0,0,0
Inversión a largo plazo,B2,0,0,0,0,0,0,0
Invertir,B2,0,3,0,0,0,0,9
Invierno,A1-A2,0,1,6,4,11,19,7
Invitación,B1,1,0,0,0,0,1,3
Invitado,B1,0,1,5,2,5,1,5
Invitar,B1,0,9,7,3,3,3,7
Inyección,B2,0,0,0,0,0,4,3
Ir a la compra,A1-A2,0,0,0,0,0,0,0
Ir a trabajar,A1-A2,2,4,0,0,1,1,0
Ir al gimnasio,A1-A2,0,0,0,0,0,1,0
Ir bien con,B1,0,0,0,0,0,0,0
Ir bien con todo,B1,0,0,0,0,0,0,0
Ir de compras,A1-A2,0,0,0,0,0,0,0
Ir de excursión,B1,0,0,0,0,0,0,0
Ir de marcha,B1,0,0,0,0,0,0,0
Ir de tapas,B1,0,0,0,0,0,0,0
Ir de vacaciones,B1,1,3,0,0,0,0,0
Isla,A1-A2,3,0,25,1,14,12,24
Jabón,A1-A2,0,0,2,0,4,3,1
Jamón serrano,A1-A2,0,0,0,0,0,0,0
Jardinera,B1,0,0,0,0,0,0,0
Jardinero,A1-A2,3,0,0,0,0,0,0
Jardinería,B1,0,0,0,0,0,0,0
Jardín,B1,14,12,4,2,19,62,5
Jarra,A1-A2,0,0,1,1,1,1,0
Jarra de agua,A1-A2,0,0,1,0,0,0,0
Jaula,B1,9,1,0,0,1,0,2
Jeans,A1-A2,0,0,0,0,0,0,0
Jefe,A1-A2,33,28,25,2,2,1,47
Jersey,A1-A2,1,0,2,0,0,2,2
Jirafa,B1,0,0,0,0,1,0,0
Joven,A1-A2,11,25,29,54,32,19,42
Jubilación,B1,0,0,0,0,0,0,0
Jubilación anticipada,B1,0,0,0,0,0,0,0
Jubilado,A1-A2,1,0,1,0,0,0,2
Jubilarse,B1,0,0,0,0,0,0,0
Judo,B2,0,0,0,0,0,0,0
Judía,B1,0,0,0,1,0,0,2
Juego de azar,B2,0,0,0,0,0,0,1
Juego de ingenio,B2,0,0,0,0,0,0,0
Juego de mesa,B2,0,0,0,0,1,0,0
Juego de naipes,B2,0,0,0,0,0,0,0
Juegos olímpicos,B2,0,0,0,0,0,0,0
Jueves,A1-A2,1,11,8,0,0,5,32
Juez,B1,0,0,1,1,1,0,29
Jugada,B2,0,0,0,1,0,0,12
Jugador,B1,2,0,0,2,0,0,86
Jugador de hockey,B1,0,0,0,0,0,0,0
Jugar,B1,4,5,9,12,24,22,72
Jugar limpio,B2,0,0,0,0,0,0,0
Jugar una partida,B2,0,1,0,1,0,0,0
Jugo,A1-A2,0,0,0,0,1,0,0
Jugoso,B2,0,0,0,0,0,0,1
Juicio,B1,14,0,1,4,1,0,27
Juicio oral,B2,0,0,0,0,0,0,0
Julio,A1-A2,1,63,3,6,0,0,26
Junio,A1-A2,0,9,1,0,0,0,41
Junto,A1-A2,29,23,44,23,50,37,57
Junto a,A1-A2,18,13,27,13,29,29,28
Juzgado,B2,0,0,1,0,0,0,2
Juzgar,B1,4,0,1,5,6,1,13
Kilo,A1-A2,0,1,4,0,0,0,14
Kilogramo,B1,0,0,0,0,0,0,0
Kilómetro,B1,2,3,5,3,2,0,31
Kilómetro cuadrado,B1,0,0,1,0,0,0,0
La ocasión la pintan calva,B2,0,0,0,0,0,0,0
Labio,B1,7,2,12,14,8,34,10
Labios,A1-A2,0,0,0,0,0,0,0
Laboratorio,B1,8,0,9,0,1,0,20
Lado,B1,25,57,40,37,25,44,31
Ladrillo,B2,1,0,0,2,5,2,4
Ladrón,B2,4,39,2,2,3,1,2
Ladrón de guante blanco,B2,0,0,0,0,0,0,0
Lago,A1-A2,0,10,4,0,6,2,2
Lamentarse,B2,0,0,0,0,1,0,0
Lana,B1,1,0,2,0,7,2,6
Langosta,B2,0,6,0,0,0,1,0
Langostino,B2,0,0,0,0,0,0,0
Lanzamiento de peso,B2,0,0,0,0,0,0,0
Largo,B1,19,14,32,43,49,42,54
Largometraje,B2,0,0,0,0,0,0,0
Lata,B1,0,2,0,0,3,1,5
Lata de refresco,A1-A2,0,0,0,0,0,0,0
Lava,B1,0,0,4,0,0,1,0
Lavabo,A1-A2,1,0,2,1,0,5,0
Lavadora,A1-A2,0,0,0,0,0,0,0
Lavaplatos,A1-A2,0,0,0,0,0,0,0
Lavar,A1-A2,0,0,10,3,5,4,4
Lavarse,A1-A2,0,0,0,0,0,0,0
Lavarse el pelo,A1-A2,0,0,0,0,0,0,0
Lavarse los dientes,A1-A2,0,0,0,0,0,0,1
Lavavajillas,A1-A2,0,0,0,0,0,1,1
Leche,B1,2,11,2,6,10,2,4
Lechuga,A1-A2,0,0,0,0,0,1,1
Leer,A1-A2,26,43,20,23,6,20,19
Leer un libro,A1-A2,0,0,0,0,0,0,0
Leer una revista,A1-A2,0,0,0,0,0,0,0
Legumbre,B1,0,0,0,0,0,0,0
Lengua,B2,4,3,6,4,5,6,5
Lenguado,B2,0,0,1,0,0,0,0
Lenteja,B1,0,3,0,0,0,0,0
Lesionarse,B2,0,0,0,0,0,0,0
Lesión,B2,0,1,0,0,0,0,16
Letra,B1,4,3,2,5,6,7,15
Letra de una canción,B1,0,0,0,0,0,0,0
Levantamiento de pesas,B1,0,0,0,0,0,0,0
Levantar los brazos,B1,0,1,0,0,0,0,0
Levantar pesas,B1,0,0,0,0,0,0,1
Levantarse,A1-A2,10,1,5,6,2,4,3
Ley,B2,5,1,3,9,5,3,51
León,B1,9,2,2,1,8,3,4
Liberal,B1,4,0,0,1,0,0,13
Libertad de expresión,B2,0,0,0,0,0,0,3
Libertad de prensa,B2,0,0,0,0,0,0,1
Libro,A1-A2,55,15,28,13,34,35,37
Libro de reclamaciones,B2,0,0,0,0,0,0,0
Licenciado,B2,5,0,0,0,0,1,1
Licenciatura,B1,0,0,0,0,0,0,0
Licor,B1,0,1,0,1,0,1,0
Lienzo,B2,0,11,0,3,0,0,5
Liga,B2,0,1,0,0,0,0,42
Ligero,B2,5,1,6,2,5,2,5
Lima,B1,0,0,0,0,0,0,8
Limarse las uñas,B1,0,0,0,0,0,0,0
Limpiar el polvo,B1,0,0,0,0,1,0,0
Limón,B1,0,0,2,0,1,0,0
Lindo,A1-A2,0,0,9,0,7,1,2
Lino,B1,2,0,0,2,2,0,6
Liso,B1,0,0,2,1,1,0,2
Lista de distribución,B2,0,0,0,0,0,0,0
Lista de invitados,B1,0,0,0,0,0,0,0
Literario,B2,2,0,0,1,0,0,8
Literatura,B2,2,3,1,1,0,0,6
Litro,B1,0,0,1,0,2,0,5
Llamada,A1-A2,2,1,0,0,0,1,4
Llamada interurbana,B2,0,0,0,0,0,0,0
Llamadas internacionales,B2,0,0,0,0,0,0,0
Llamar,B1,84,101,90,44,43,66,45
Llamar por teléfono,A1-A2,0,2,2,1,0,2,0
Llave,A1-A2,7,34,27,5,6,8,3
Llegada,A1-A2,3,0,2,6,4,0,9
Llenarse de orgullo,B2,0,0,0,0,0,0,0
Llevar,B1,98,108,117,70,81,114,134
Llevar a juicio,B2,0,0,0,0,0,0,0
Llevar años cotizados,B2,0,0,0,0,0,0,0
Llevar años en paro,B2,0,0,0,0,0,0,0
Llevar años juntos,B1,0,0,0,0,0,0,0
Llevar barba,A1-A2,0,1,0,0,0,0,0
Llevar bigote,A1-A2,0,1,0,0,0,0,0
Llevar gafas,A1-A2,0,1,3,0,0,0,0
Llevar un vestido,A1-A2,0,2,0,1,0,0,0
Llevarse,B1,0,0,0,0,0,0,0
Llevarse bien,B1,0,0,0,0,0,0,0
Llevarse como hermanos,B2,0,0,0,0,0,0,0
Llevarse mal,B1,0,0,0,0,0,0,0
Llevarse mucho,B1,0,0,0,0,0,0,0
Llover,A1-A2,3,4,4,2,1,4,5
Lluvia,A1-A2,1,2,4,11,2,7,12
Lluvia ácida,B2,0,0,0,0,0,0,1
Localización,B2,0,0,0,0,0,0,0
Locutor,B1,0,2,0,0,0,0,0
Lomo,B1,1,0,0,2,6,3,0
Loncha de jamón,A1-A2,0,0,0,0,0,0,0
Loncha de queso,A1-A2,0,0,0,0,0,0,0
Loro,A1-A2,0,0,0,0,0,0,1
Lotería,B2,2,2,0,1,0,0,2
Lubina,B2,0,0,0,0,0,0,0
Luchas intestinas,B2,0,0,0,0,0,0,0
Lugar,A1-A2,57,37,47,25,55,20,81
Luminoso,B1,0,1,2,5,1,2,6
Luna,A1-A2,13,2,18,15,12,25,6
Luna de miel,B1,0,0,0,1,0,0,0
Lunes,A1-A2,1,16,2,6,0,2,30
Luz,B1,12,29,33,32,22,34,26
Lácteos,B1,0,0,0,0,0,0,0
Lámpara,A1-A2,1,0,2,6,20,2,1
Lámpara de pie,A1-A2,0,0,0,0,0,0,0
Lámpara de techo,A1-A2,0,0,0,0,0,0,0
Lápiz,A1-A2,1,1,2,2,2,2,0
Línea,B2,5,5,5,3,3,2,26
Línea ADSL,B1,0,0,0,0,0,0,0
Línea ocupada,A1-A2,0,0,0,0,0,0,0
Líneas de autobuses,B2,0,0,0,0,0,0,0
Lógica,B2,0,0,0,0,0,0,0
Macarrones,A1-A2,0,0,0,0,0,0,0
Maceta,B1,0,0,1,3,3,0,1
Madalena,B1,0,0,0,0,0,0,0
Madera,B1,7,6,5,4,32,21,6
Madre,A1-A2,34,35,53,100,40,119,26
Maduro,A1-A2,0,1,3,2,0,0,3
Maestría,B1,0,0,1,0,0,0,1
Magro de cerdo,B2,0,0,0,0,0,0,0
Mal tiempo,A1-A2,0,0,0,0,1,0,0
Malas vistas,B1,0,0,0,0,0,0,0
Malestar,B2,0,0,0,1,0,0,6
Maleta,B1,4,20,8,1,0,0,3
Mamá,A1-A2,8,11,16,23,17,56,0
Mamífero,B1,0,0,0,0,0,0,4
Mancha,B2,36,0,5,5,7,6,4
Mandar una carta,B1,0,0,0,0,0,0,0
Manejar software libre,B2,0,0,0,0,0,0,0
Maniobra,B1,0,0,1,1,0,0,10
Maniobra de giro a la izquierda,B1,0,0,0,0,0,0,0
Mano,A1-A2,54,54,90,77,54,198,59
Manta,A1-A2,4,2,2,1,3,3,5
Mantel,A1-A2,1,0,3,0,1,1,0
Mantener el contacto,B2,0,0,0,0,0,0,0
Mantenerse en forma,B1,0,0,0,0,0,0,0
Mantenimiento,B2,0,0,0,0,0,0,8
Mantequilla,B1,0,2,2,1,0,0,2
Manzana,A1-A2,0,1,2,1,9,2,0
Manzano,B1,0,0,0,0,1,0,1
Mapa,A1-A2,1,2,4,1,1,1,3
Mapa de carretera,B1,0,0,0,0,0,0,0
Maquillador,B2,0,0,0,0,0,0,0
Maquillarse,B1,0,0,0,0,0,0,0
Maquinilla de afeitar,A1-A2,0,0,0,0,0,0,0
Mar,A1-A2,22,32,34,7,44,5,20
Marcar un gol,B1,0,0,0,0,0,0,0
Marcar un número de teléfono,A1-A2,0,0,0,0,0,0,1
Marco,B2,0,0,0,1,4,0,24
Marea negra,B2,0,0,0,0,3,0,0
Mareado,B1,0,1,0,0,0,0,0
Maremoto,B1,0,0,0,0,0,0,0
Mareo,B2,0,0,0,0,1,0,1
Marido,A1-A2,9,20,14,7,7,10,9
Marisco,B1,0,4,0,0,0,0,0
Martes,A1-A2,5,1,0,1,0,0,23
Marzo,A1-A2,1,4,1,4,0,1,24
Masaje,B2,0,1,0,0,0,0,0
Masaje relajante,B2,0,0,0,0,0,0,0
Mascota,B1,0,0,1,0,2,0,0
Masticar,B2,0,0,0,0,2,2,0
Materia,B2,0,0,1,3,0,0,28
Materia obligatoria,B2,0,0,0,0,0,0,0
Matiz,B2,0,0,0,1,1,0,2
Matricularse,B1,0,0,0,0,0,0,0
Matrimonio,B1,6,0,2,3,2,2,3
Matrícula,B1,1,0,1,0,0,0,3
Mayo,A1-A2,0,7,17,2,0,0,59
Mayonesa,A1-A2,0,0,0,0,0,0,0
Mecánico,A1-A2,1,2,1,0,1,2,7
Medalla,B2,0,3,0,3,0,0,15
Media pensión,A1-A2,0,0,0,0,0,0,0
Medias,A1-A2,1,0,2,10,0,0,9
Medicamento,A1-A2,0,3,0,0,0,0,1
Medicamento genérico,B2,0,0,0,0,0,0,0
Medicina,A1-A2,3,0,1,7,1,3,6
Medida de seguridad,B2,0,0,0,0,0,0,4
Medio ambiente,B1,0,0,0,0,0,0,15
Medioambiente,B2,0,0,0,0,0,0,0
Medir la luz,B1,0,0,0,0,0,0,0
Mejillón,B2,0,0,0,0,0,0,0
Melena suelta,B2,0,0,0,0,0,0,0
Mellizo,B2,0,0,0,0,0,0,0
Melón,A1-A2,0,1,1,0,0,0,0
Memorias,B1,16,8,5,17,6,8,9
Memorizar,B1,0,0,0,0,0,0,0
Menestra de verduras,A1-A2,0,0,0,0,0,0,0
Mensaje,A1-A2,6,3,0,5,0,2,18
Mensaje de texto,B1,0,0,0,0,0,0,0
Mensajero,B1,0,0,0,0,0,0,0
Mensual,B1,0,0,0,0,0,0,4
Mentiroso,B1,0,0,0,0,0,0,0
Menú,B1,0,1,0,0,1,0,0
Menú del día,B1,0,0,0,0,0,0,0
Mercado,A1-A2,0,6,4,1,5,7,93
Mercado Inmobiliario,B2,0,0,0,0,0,0,0
Mercado financiero,B2,0,0,0,0,0,0,1
Mercancía,B2,0,0,0,0,2,0,3
Merengue,B1,0,0,0,0,0,0,0
Merluza,A1-A2,0,0,0,0,0,0,9
Mermelada,A1-A2,0,2,1,0,1,0,0
Mesa,A1-A2,17,43,32,25,19,15,15
Mesilla de noche,A1-A2,0,0,1,0,0,0,0
Meterse en camisa de once varas,B2,0,0,0,0,0,0,0
Metro,B1,6,4,12,5,5,15,30
Metro cuadrado,B1,0,0,1,0,0,0,3
Metro cúbico,B1,0,0,0,0,0,0,0
Metro ligero,B2,0,0,0,0,0,0,0
Mexicano,A1-A2,0,0,15,0,0,0,34
Mezclar las cartas,B2,0,0,0,0,0,0,0
Mezquita,B1,0,1,0,0,0,0,0
Microondas,A1-A2,0,0,0,0,0,0,0
Miel,B1,2,0,5,3,2,2,1
Mil,A1-A2,30,8,21,5,23,4,43
Mileurista,B2,0,0,0,0,0,0,0
Miligramo,B1,0,0,0,0,0,0,0
Milésimo,A1-A2,0,0,0,0,0,0,0
Milímetro,B1,0,0,0,0,0,0,1
Minerales,B1,0,0,0,0,0,0,0
Minifalda,B1,0,0,1,0,0,0,0
Misa,B1,0,0,14,4,0,0,2
Miércoles,A1-A2,4,5,3,0,0,0,34
Mochila,B1,0,0,0,0,0,0,0
Moderno,B1,3,7,6,3,0,0,19
Moldear,B2,0,0,0,0,0,0,1
Molestias,B2,2,0,0,1,1,0,3
Molécula,B2,0,0,0,0,0,1,37
Moneda,B1,1,2,1,3,13,2,10
Monitor,B1,0,0,1,0,0,0,2
Mono,B1,4,2,3,0,2,5,4
Montaje,B2,0,1,1,0,0,0,3
Montar en bici,A1-A2,0,0,0,0,0,0,0
Montaña,A1-A2,11,5,4,1,17,5,12
Monumento,B1,0,4,2,0,0,1,0
Monólogo,B2,2,0,0,0,0,0,0
Morenito,A1-A2,0,0,0,0,0,0,0
Moreno,A1-A2,5,3,3,0,1,2,7
Moroso,B2,0,0,0,0,0,0,0
Mosca,A1-A2,0,1,1,0,2,1,2
Mosquito,A1-A2,0,1,0,0,1,0,2
Mostrador,A1-A2,2,1,1,4,0,6,0
Mostrador de facturación,A1-A2,0,0,0,0,0,0,0
Moto,A1-A2,11,6,3,0,0,2,0
Motor,B1,0,3,3,2,4,0,21
Mover el cuerpo,B1,0,0,0,0,0,0,0
Movimiento artístico,B2,0,0,0,0,0,0,0
Muchas calorías,B2,0,0,0,0,0,0,0
Muchas gracias,A1-A2,3,5,5,0,4,1,0
Mucho gusto,A1-A2,3,1,1,0,0,0,1
Mudanza,B1,1,0,0,1,0,0,0
Mudarse,B2,0,0,0,0,0,0,0
Mudarse de casa,A1-A2,0,0,0,0,0,0,0
Mueble,A1-A2,2,6,6,8,2,1,3
Muerte,B1,23,10,16,23,11,8,40
Muestra,B2,20,0,6,14,12,7,81
Mujer,A1-A2,51,62,94,71,60,23,69
Multa,B1,0,0,1,0,0,0,4
Multar,B1,0,0,0,0,0,0,9
Muralla,B1,0,12,0,0,0,2,1
Museo,B1,0,47,9,1,1,2,3
Musical,B1,2,0,0,1,1,7,2
"Muy bien, gracias",A1-A2,0,0,0,0,0,0,0
Muñeca,B1,3,0,1,2,0,2,2
Mármol,B2,2,0,1,0,1,2,0
Máster,B1,0,0,0,0,0,0,0
Médico,A1-A2,11,11,8,6,3,5,15
México,A1-A2,0,0,11,0,0,0,36
Móvil,B1,0,11,2,0,0,0,4
Músculo,B1,0,0,2,0,4,1,5
Música,A1-A2,19,21,14,4,9,17,4
Nadador,A1-A2,0,0,0,1,0,0,3
Nadar,A1-A2,1,0,1,1,13,2,0
Nadar y guardar la ropa,B2,0,0,0,0,0,0,0
Nailon,B1,0,0,0,0,0,0,0
Naranja,A1-A2,0,6,2,1,0,4,4
Nariz,A1-A2,7,2,7,6,13,10,3
Nata,B1,0,0,0,0,0,0,0
Natación,B2,0,0,0,0,0,0,3
Naturaleza,B2,3,0,9,4,2,1,32
Navegador,B1,0,0,0,0,0,0,0
Navegar,B1,1,0,0,1,1,1,3
Necesidad de,B2,2,0,0,6,5,1,30
Negativo,B2,0,1,0,1,0,0,15
Negro,A1-A2,17,35,48,24,49,60,30
Nervioso,B1,2,29,20,7,5,18,4
Neumonía,B2,0,0,0,0,0,0,0
Neurólogo,B1,0,0,0,0,0,0,0
Nevar,A1-A2,0,0,0,0,2,0,0
Nevera,A1-A2,0,10,1,0,0,2,0
Nevera portátil,B1,0,0,0,0,0,0,0
Nicaragua,A1-A2,0,0,0,0,0,0,7
Nicaragüense,A1-A2,0,0,0,0,0,0,1
Niebla,A1-A2,0,1,1,0,1,1,0
Nieto,A1-A2,1,1,6,0,0,0,1
Nieve,A1-A2,2,0,1,2,17,59,12
Nitidez,B2,0,0,0,0,0,0,0
No llegarle a la suela del zapato,B2,0,0,0,0,0,0,0
No llegarle la camisa al cuerpo,B2,0,0,0,0,0,0,0
No pintar nada,B2,0,0,0,0,0,0,0
No querer ver a nadie ni en pintura,B2,0,0,0,0,0,0,0
No saber a nada,B1,0,0,0,0,0,0,0
Nonagésimo,A1-A2,0,0,0,0,0,0,0
Norma de circulación,B1,0,0,0,0,0,0,0
Normas de circulación,B2,0,0,0,0,0,0,0
Norte,A1-A2,4,5,4,0,6,8,16
Nota,A1-A2,7,7,5,4,7,29,20
Nota media,B2,0,0,0,0,0,0,0
Noticia bomba,B2,0,0,0,0,0,0,0
Noticia de actualidad,B2,0,0,0,0,0,0,0
Noticia fiable,B2,0,0,0,0,0,0,0
Novecientos,A1-A2,0,0,0,0,0,0,0
Novela,B1,9,12,9,7,1,7,16
Novela de aventuras,B1,0,0,0,0,0,0,1
Novela de ciencia ficción,B1,0,0,0,0,0,0,0
Novela histórica,B1,1,0,0,0,0,0,0
Novela policíaca,B1,0,0,0,0,0,0,0
Novela romántica,B1,0,0,0,0,0,0,0
Novelista,B1,0,1,1,0,0,0,1
Noveno,A1-A2,0,1,0,0,0,0,0
Noventa,A1-A2,1,1,0,0,0,0,3
Noviazgo,B1,0,0,0,0,0,0,0
Noviembre,A1-A2,0,8,2,0,0,0,21
Novio,B1,5,13,6,2,0,2,0
Nube,A1-A2,5,1,7,6,20,9,4
Nublado,A1-A2,0,0,0,0,0,0,0
Nuboso,A1-A2,0,0,0,0,0,0,0
Nuera,B2,0,0,0,0,0,0,0
Nueve,A1-A2,3,9,9,7,3,3,19
Nuevo,B1,28,56,60,27,73,44,211
Nuez,B1,0,0,0,0,2,1,0
Nutrientes,B2,0,0,0,0,0,0,0
Nutritivo,B1,0,0,0,0,0,0,0
Náuseas,B2,0,0,1,0,0,3,1
Nómina,B2,0,0,0,0,0,0,1
Número decimal,B2,0,0,0,0,0,0,0
Número equivocado,A1-A2,0,0,0,0,0,0,0
Número impar,B2,0,0,0,0,0,0,0
Número par,B2,0,0,0,0,0,0,0
Obedecer,B1,2,1,2,3,6,2,9
Obediencia,B1,0,0,1,0,1,0,1
Objetivo,B1,0,0,2,2,2,1,42
Obra,B2,16,10,5,7,6,10,31
Obra de teatro,B2,1,0,0,0,0,1,0
Obra literaria,B1,0,0,0,0,0,0,1
Obrero,A1-A2,0,3,1,2,0,2,15
Obsequio,B1,0,0,0,0,1,0,0
Obtener créditos,B2,0,0,0,0,0,0,0
Obtener una beca,B2,0,0,0,0,0,0,0
Ochenta,A1-A2,0,0,0,1,0,0,4
Ocho,A1-A2,12,17,12,6,3,2,14
Ochocientos,A1-A2,0,1,0,0,0,0,0
Octavo,A1-A2,0,0,1,2,0,0,6
Octogésimo,A1-A2,0,0,0,0,0,0,0
Octubre,A1-A2,1,11,4,5,0,0,22
Oculista,B1,0,0,0,0,0,0,0
Océano,A1-A2,3,0,3,0,6,2,1
Odio,B2,0,2,1,1,2,2,2
Oeste,A1-A2,1,1,8,0,0,1,13
Oferta,B2,1,0,0,1,1,0,22
Oferta de empleo,B1,0,0,0,0,0,0,1
Oferta de trabajo,A1-A2,0,0,0,0,0,0,1
Oficina,A1-A2,7,40,5,21,0,1,20
Oficina de empleo,A1-A2,0,0,0,0,0,0,0
Oftalmólogo,B1,0,0,0,0,0,0,0
Ojo,A1-A2,40,47,66,59,72,126,32
Ola,A1-A2,2,4,0,0,12,0,8
Olfato,B2,0,0,0,1,0,0,0
Oliva,B1,0,0,0,0,0,0,6
Olla a presión,B2,0,0,0,0,0,0,0
Olvidar,B1,22,19,12,25,16,18,19
Once,A1-A2,1,10,5,8,13,1,13
Operación,B1,0,1,0,2,0,1,73
Opinar,B2,0,0,0,0,0,2,17
Optimismo,B2,0,0,0,1,0,0,4
Optimista,B1,0,0,1,1,0,0,3
Oralmente,B2,0,0,0,0,0,0,0
Ordenado,A1-A2,0,0,0,1,0,0,0
Ordenador,A1-A2,3,5,1,0,1,1,11
Ordeñar,B1,0,0,0,0,0,0,0
Oreja,A1-A2,0,1,1,0,3,5,5
Origen,B2,2,2,1,2,1,1,30
Original,B2,3,3,2,3,0,0,6
Orquesta,B1,0,0,1,0,1,3,1
Orégano,B2,0,0,0,0,0,0,0
Oso,B1,0,0,0,1,5,0,2
Otoño,A1-A2,1,4,6,1,3,4,6
Oveja,B1,8,0,0,0,10,1,2
Oído,B2,4,0,0,0,3,3,2
Paciente,B1,1,0,0,2,1,0,3
Pacífico,B1,6,0,0,1,1,1,6
Padecer una enfermedad,B2,0,0,0,0,0,0,0
Padre,A1-A2,29,30,73,82,31,138,25
Padres adoptivos,B1,0,0,7,0,0,0,0
Paga extra,B2,0,0,0,0,0,0,0
Pagar a plazos,B2,0,0,0,0,0,0,0
Pagar al contado,B2,0,0,0,0,0,0,0
Pagar con tarjeta,B1,0,0,0,0,0,0,0
Pagar la comunidad,B1,0,0,0,0,0,0,0
Pagar una hipoteca,B1,0,0,0,0,0,0,0
Pago de las costas,B2,0,0,0,0,0,0,0
Pago por adelantado,B1,0,0,0,0,0,0,0
Paisaje,A1-A2,1,10,6,1,8,1,4
Pala,B1,0,0,0,0,0,1,0
Palacio,B1,8,12,4,2,36,5,19
Paladar,B2,0,0,0,1,0,0,2
Palco,B2,0,0,1,0,0,0,0
Paleta,B2,0,0,0,0,0,0,1
Palillos,B1,0,0,0,0,0,0,2
Palo,B1,4,0,7,1,1,7,3
Pan,A1-A2,7,10,33,8,15,4,3
Pan integral,B2,0,0,0,0,0,0,0
Pan rallado,B2,0,0,0,0,0,0,0
Panadero,A1-A2,0,0,0,0,2,1,0
Panadería,A1-A2,0,0,1,0,0,0,0
Panameño,A1-A2,0,0,0,0,0,0,12
Panamá,A1-A2,0,0,0,0,0,0,28
Paneles solares,B2,0,0,0,0,1,0,0
Pantalla,B1,0,1,0,0,0,0,7
Pantalones,A1-A2,0,11,12,8,1,8,0
Pantalón,B1,0,11,12,8,1,8,0
Papel,B2,9,26,14,17,10,15,38
Papel higiénico,A1-A2,0,0,0,0,0,1,0
Papelera,A1-A2,0,0,0,0,0,0,10
Papilas gustativas,B2,0,0,0,0,0,0,0
Papá,A1-A2,2,5,11,0,11,37,3
Paquete de salchichas,A1-A2,0,0,0,0,0,0,0
Paquete postal,B2,0,0,0,0,0,0,0
Parada,B1,1,2,4,1,2,2,2
Parada de autobús,A1-A2,0,0,1,0,0,0,0
Parada de taxi,A1-A2,0,1,0,0,0,0,0
Paraguas,A1-A2,0,0,1,1,0,5,0
Paraguay,A1-A2,1,0,1,0,0,0,5
Paraguayo,A1-A2,1,0,0,0,0,0,4
Parapente,B1,0,0,0,0,0,0,0
Parar el balón,B1,0,0,0,0,0,0,0
Parchís,B2,0,0,0,0,0,0,0
Parecerse,B2,0,0,0,0,0,0,0
Parecerse a,B2,0,0,0,0,0,0,0
Pared,A1-A2,3,15,13,21,14,17,8
Pareja,B1,3,3,5,1,4,0,7
Pareja de hecho,B1,0,0,0,0,0,0,0
Parentesco,B2,0,0,0,1,0,1,0
Parentesco de primer grado,B2,0,0,0,0,0,0,0
Parentesco de segundo grado,B2,0,0,0,0,0,0,0
Pariente lejano,B2,0,0,0,0,0,0,0
Paro,A1-A2,0,0,1,0,0,0,36
Parque,B1,4,4,12,0,3,11,8
Parque acuático,B1,0,0,0,0,0,0,0
Parque de atracciones,A1-A2,0,0,1,0,0,0,0
Parte meteorológico,B2,0,0,0,0,0,1,0
Partida,B2,4,1,1,6,2,1,13
Partido,B2,2,1,4,6,1,4,248
Partícula,B2,0,0,0,0,0,0,4
Parálisis,B2,0,0,0,0,0,0,5
Pasajero,A1-A2,0,8,2,1,1,1,5
Pasaporte,A1-A2,2,3,3,0,3,0,3
Pasar,A1-A2,83,116,109,71,91,101,83
Pasar de curso,B2,0,0,0,0,0,0,0
Pasar el aspirador,B1,0,0,0,0,0,0,0
Pasar el rato,B2,0,0,0,0,0,0,1
Pasar una inspección,B2,0,0,0,0,0,0,0
Pasarlas canutas,B2,0,0,0,0,0,0,0
Pasarlo bien,B1,0,0,2,0,0,0,0
Pasarlo mal,B1,0,0,0,0,0,0,0
Pasatiempo,B2,0,0,1,1,0,0,1
Pasatiempos,B1,0,0,1,1,0,0,1
Pasillo,A1-A2,1,17,5,6,2,15,7
Paso de peatones,B2,0,0,0,0,0,0,0
Pasta,B1,0,2,2,1,0,1,3
Pasta de dientes,A1-A2,0,0,1,0,0,0,0
Pastel,B1,0,2,1,0,3,4,2
Pastilla,B1,0,1,2,0,0,1,0
Patata,B1,1,11,0,0,1,1,2
Patinador,B1,0,0,0,0,0,0,0
Patinaje sobre hielo,B1,0,0,0,0,0,0,0
Patinar,B1,0,0,0,0,0,0,0
Patio de butacas,B2,0,0,0,0,0,0,0
Patín,B1,0,0,1,0,0,1,1
País,A1-A2,5,17,13,3,20,8,286
País en vías de desarrollo,B1,0,0,0,0,0,0,2
Pañuelo,B1,1,2,8,6,1,5,1
Peaje,B2,0,2,0,0,1,0,3
Peca,A1-A2,0,0,0,1,0,0,0
Pecho,B1,4,4,3,4,9,16,6
Pechuga,B1,0,0,0,0,0,0,0
Pechuga de pollo,B2,0,0,0,0,0,0,0
Pedir,B1,50,21,30,21,17,19,66
Pedir cita,A1-A2,0,0,0,0,0,0,0
Pedir la cuenta,A1-A2,0,0,0,0,0,0,0
Pedir peras al olmo,B2,0,0,0,0,0,0,0
Pedir una hipoteca,B1,0,0,0,0,0,0,0
Peinarse,A1-A2,0,0,0,0,0,0,0
Peine,A1-A2,0,0,0,0,6,1,0
Peligro,B1,7,3,6,3,6,1,22
Peligroso,B1,4,11,7,3,6,4,14
Pelo,A1-A2,9,30,24,13,10,120,8
Pelo corto,A1-A2,0,0,1,0,0,1,0
Pelo largo,A1-A2,0,0,1,0,0,3,0
Pelo liso,A1-A2,0,0,1,0,0,0,0
Pelo moreno,A1-A2,0,0,0,0,0,0,0
Pelo rizado,A1-A2,0,0,0,0,0,4,0
Pelota,B1,1,0,3,0,2,2,4
Peluquero,A1-A2,0,0,1,0,0,0,0
Peluquería,A1-A2,0,13,2,0,0,0,0
Película,B2,1,8,6,3,0,3,11
Película de acción,B1,0,0,0,0,0,0,0
Película de dibujos animados,B1,0,0,0,0,0,0,0
Película de guerra,B1,0,0,0,0,0,0,0
Película de terror,B1,0,1,0,0,0,0,0
Película del oeste,B1,0,0,0,0,0,0,0
Película doblada,B1,0,0,0,0,0,0,0
Película muda,B1,0,0,0,0,0,0,0
Película policiaca,B1,0,0,0,0,0,0,0
Película romántica,B1,0,0,0,0,0,0,0
Película subtitulada,B1,0,0,0,0,0,0,0
Penalti,B1,0,0,0,0,0,0,9
Pendiente,A1-A2,3,2,3,0,1,3,8
Pendientes,B1,3,2,3,0,1,3,8
Pensar,B1,86,146,115,118,71,110,58
Pensión,B1,1,1,0,7,0,0,3
Pensión completa,A1-A2,0,0,0,0,0,0,0
Pera,A1-A2,0,0,1,0,0,3,0
Peral,B1,0,0,0,0,0,0,1
Percance,B2,0,0,0,1,0,1,2
Percepción,B2,0,0,0,0,0,0,2
Percepción visual,B2,0,0,0,0,0,0,0
Perchero,A1-A2,0,0,0,0,0,2,0
Percibir,B2,1,0,0,0,1,0,3
Percibir el desempleo,B2,0,0,0,0,0,0,0
Perdedor,B1,0,0,0,0,0,0,3
Perder a alguien,B2,0,0,0,0,0,0,0
Perder el turno,B2,0,0,0,0,0,0,0
Perdón,A1-A2,2,6,8,9,3,6,4
Perejil,A1-A2,0,0,0,0,0,0,0
Perfil competitivo,B2,0,0,0,0,0,0,0
Perfil profesional,B2,0,0,0,0,0,0,0
Periodista,A1-A2,0,4,3,0,0,0,22
Periódico,A1-A2,5,39,10,5,3,10,15
Perro,A1-A2,1,18,29,11,13,29,5
Persiana,A1-A2,0,0,0,0,0,0,3
Personaje,B1,4,2,6,4,3,5,18
Personaje principal,B2,0,0,0,0,0,0,0
Personaje secundario,B2,0,0,0,0,0,0,0
Perspectiva,B2,0,0,0,4,0,0,9
Peruano,A1-A2,2,0,2,0,0,0,20
Perú,A1-A2,1,0,0,0,0,0,34
Pesarse,A1-A2,0,0,0,0,0,0,0
Pescadero,A1-A2,0,0,0,0,0,0,0
Pescadería,A1-A2,0,0,0,0,0,0,0
Pescado,B1,2,8,3,2,9,0,2
Pesimista,B1,1,0,0,0,0,0,2
Peso,B1,2,0,4,4,7,2,30
Pestaña,B1,0,0,5,0,0,0,0
Pez,A1-A2,0,0,16,1,10,1,6
Pianista,B1,0,3,0,1,0,0,0
Piano,B1,0,3,1,0,0,6,0
Picante,B1,0,0,1,0,0,0,1
Picar,B1,0,2,0,0,0,1,0
Picar algo de comer,A1-A2,0,0,0,0,0,0,0
Picnic,B1,0,0,0,0,0,0,0
Pictórico,B2,0,0,0,0,0,0,0
Pie,A1-A2,38,20,27,19,43,41,16
Pie de foto,B2,0,0,0,0,0,0,0
Piel,B2,2,0,7,3,14,17,24
Piel fresca,B2,0,0,0,0,0,0,0
Pierna,A1-A2,5,7,10,10,22,20,9
Pijama,A1-A2,0,2,4,1,0,3,0
Pillar un catarro,B2,0,0,0,0,0,0,0
Piloto,A1-A2,1,4,2,0,2,0,11
Pimienta,B1,0,0,1,0,0,0,0
Pina,B1,0,0,0,0,0,0,0
Pincel,B2,0,0,2,0,1,2,0
Pincelada,B2,0,0,0,0,0,0,0
Pinchar una rueda,B2,0,0,0,0,0,0,0
Pincho de tortilla,A1-A2,0,3,0,0,0,0,0
Pintar al óleo,B2,0,0,0,0,0,0,0
Pintar la mona,B2,0,0,0,0,0,0,0
Pintarse,B1,0,0,0,0,0,0,0
Pintarse las uñas,B2,0,0,0,0,0,0,0
Pintarse los labios,B1,0,0,0,0,0,0,0
Pintor,B1,4,6,4,7,2,1,4
Pintor de brocha gorda,B2,0,0,0,0,0,0,0
Pintor impresionista,B1,0,0,0,0,0,0,0
Pintura,B2,1,8,5,6,0,19,7
Pintura románica,B1,0,0,0,0,0,0,0
Pinzas,B1,0,0,0,0,0,0,0
Piragua,B1,0,0,1,0,0,0,0
Piragüismo,B2,0,0,0,0,0,0,0
Piragüista,B1,0,0,0,0,0,0,0
Piscina,A1-A2,0,2,6,0,0,0,2
Piso,B1,0,28,23,12,5,9,7
Pista de hielo,B1,0,0,0,0,0,0,0
Pitar,B1,0,0,0,0,0,0,0
Pizarra,A1-A2,0,1,0,0,2,0,0
Pizca de sal,B2,0,0,0,0,0,0,0
Pizzero,A1-A2,0,0,0,0,0,0,0
Piña,A1-A2,0,0,1,1,0,0,0
Plan de ahorro,B2,0,0,0,0,0,0,0
Plancha,B1,0,0,0,0,0,0,0
Planchar,B1,0,0,0,1,0,0,1
Planeta,B1,1,0,2,2,55,0,5
Plano turístico,B1,0,0,0,0,0,0,0
Planta,A1-A2,4,14,6,4,20,0,17
Planta de reciclaje,B2,0,0,0,0,0,0,0
Plantar,B1,0,0,0,0,3,1,3
Platea,B2,0,0,1,0,0,0,1
Plato combinado,A1-A2,0,0,0,0,0,0,0
Plato de postre,A1-A2,0,0,0,0,0,0,0
Plato del día,A1-A2,0,0,0,0,0,0,0
Plato hondo,A1-A2,0,0,0,0,0,0,0
Plato llano,A1-A2,0,0,0,0,0,0,0
Plato preparado,B1,0,0,0,0,0,0,0
Playa,A1-A2,8,46,10,1,6,1,8
Plaza,A1-A2,4,27,53,26,6,1,11
Plaza de garaje,A1-A2,0,0,0,0,0,0,0
Plazo,B1,1,0,0,3,0,0,35
Plástico,B1,0,3,1,0,0,7,8
Plátano,A1-A2,1,0,3,1,0,1,0
Pobre,B1,18,13,33,18,40,21,14
Pobreza,B1,0,0,2,5,0,1,3
Pocas calorías,B2,0,0,0,0,0,0,0
Poema,B1,7,1,2,1,1,0,5
Poesía,B1,6,0,3,0,1,2,1
Poeta,B1,6,1,4,1,0,1,7
Policía,B1,9,77,21,3,0,1,33
Policía Municipal,B2,0,1,0,0,0,0,0
Policía de tráfico,B2,0,0,0,0,0,0,0
Polideportivo,A1-A2,0,0,0,0,0,0,0
Pollo,B1,0,11,3,0,8,1,4
Polución,B2,0,0,0,0,0,0,0
Pomada,B1,0,0,0,0,1,0,1
Poner el despertador,A1-A2,0,0,1,0,0,0,0
Poner el lavaplatos,A1-A2,0,0,0,0,0,0,0
Poner gasolina,B1,0,0,0,0,0,0,0
Poner huevos,B1,0,0,0,0,0,0,1
Poner la lavadora,B1,0,0,0,0,0,0,0
Poner la mesa,B1,0,0,1,0,0,0,0
Poner las notas,B2,0,0,0,0,0,0,0
Poner una denuncia,B2,0,0,0,0,0,0,0
Poner una reclamación,B2,0,0,0,0,0,0,0
Ponerse,A1-A2,0,0,0,0,0,0,0
Ponerse de buen humor,B1,0,0,0,0,0,0,0
Ponerse de mal humor,B1,0,0,0,0,0,0,0
Ponerse furioso,B2,0,0,0,0,0,0,0
Ponerse guapo,B2,0,0,0,0,0,0,0
Ponerse histérico,B2,0,0,0,0,0,0,0
Ponerse malo,B2,0,0,0,0,0,0,0
Ponerse un traje,A1-A2,0,0,0,0,1,0,0
Ponerse una mascarilla,B2,0,0,0,0,0,0,0
Ponerse una pomada,B2,0,0,0,0,0,0,0
Por escrito,B2,1,0,0,1,0,1,1
Por favor,A1-A2,10,47,22,2,11,11,1
Por la mañana,A1-A2,2,16,7,2,8,5,2
Por la noche,A1-A2,7,11,4,8,11,10,2
Por la tarde,A1-A2,7,8,1,4,4,3,4
Porche,A1-A2,0,0,0,0,0,1,0
Poro,B2,0,0,0,0,1,1,1
Portada,B2,1,0,1,0,0,2,4
Portero,B1,1,1,1,21,0,0,10
Portería,B1,0,0,0,0,0,0,9
Posgrado,B2,0,0,0,0,0,0,0
Posproducción,B2,0,0,0,0,0,0,0
Postre,A1-A2,1,1,2,0,0,0,1
Practicar,B1,0,0,0,0,1,4,13
Practicar un deporte,B1,0,0,0,0,0,0,0
Prado,B1,5,6,1,0,4,2,1
Precaución,B2,0,0,0,2,0,0,2
Precisión,B2,0,0,0,3,1,0,5
Prefijo,B1,0,0,0,0,0,0,0
Pregrado,B1,0,0,0,0,0,0,0
Preguntar,A1-A2,58,41,57,77,72,135,18
Premiar,B2,0,0,0,0,0,0,3
Premio,B2,3,1,3,3,1,2,15
Prenda,B2,0,0,0,0,2,0,1
Prensa del corazón,B2,0,0,0,0,0,0,0
Prensa deportiva,B2,0,0,0,0,0,0,1
Prensa digital,B2,0,0,0,0,0,0,0
Prensa económica,B2,0,0,0,0,0,0,0
Prensa rosa,B2,0,0,0,0,0,0,0
Preocupación,B1,2,2,1,2,1,0,17
Preocupado,B1,6,20,5,1,6,6,9
Preocuparse,B1,1,0,0,1,0,1,2
Preparar la cena,A1-A2,0,0,0,0,0,1,0
Preparar la comida,B1,1,0,0,0,0,0,0
Preproducción,B2,0,0,0,0,0,0,0
Presentar el pasaporte,A1-A2,0,0,0,0,0,0,0
Presupuesto,B2,1,0,0,0,0,0,6
Previsualizar,B2,0,0,0,0,0,0,0
Primavera,A1-A2,3,4,2,2,7,18,5
Primer plato,A1-A2,0,0,0,0,0,0,0
Primer tiempo,B1,0,0,0,0,0,0,0
Primera página,B2,0,1,0,1,0,0,0
Primero,A1-A2,64,61,58,55,54,38,295
Primo,A1-A2,1,25,7,1,2,1,6
Probador,A1-A2,0,0,0,0,0,0,0
Probar,B1,8,5,5,6,11,6,5
Probarse,A1-A2,0,0,0,0,0,0,0
Probarse ropa,A1-A2,0,0,0,0,0,0,0
Procesamiento,B2,0,0,0,0,0,0,0
Proceso de selección,B2,0,0,0,0,0,0,0
Producción,B2,2,0,3,0,0,0,35
Productor,B2,1,1,0,0,0,0,20
Productos,B2,1,4,3,1,0,11,51
Productos de belleza,B2,0,0,1,0,0,0,0
Productos frescos,B2,0,0,0,0,0,0,0
Productos precocinados,B2,0,0,0,0,0,0,0
Productos ricos en fibra,B2,0,0,0,0,0,0,0
Profesión,A1-A2,4,6,1,2,0,0,8
Profesor,A1-A2,0,4,1,16,1,7,6
Programa,B1,0,1,2,0,1,3,60
Programa radiofónico,B2,0,0,0,0,0,0,0
Programación,B2,0,0,0,0,0,0,4
Programar el horno,B1,0,0,0,0,0,0,0
Prohibido,B2,0,0,0,2,0,0,1
Promocionar,B1,0,0,0,0,0,0,1
Promoción,B2,1,0,0,0,0,0,8
Propiedad,B1,1,0,0,4,3,1,29
Propiedades,B2,1,0,0,4,3,1,29
Propietario,B1,1,2,1,4,0,0,5
Propina,A1-A2,0,1,1,1,0,0,1
Prosa,B2,2,0,0,0,0,0,0
Prospecto,B2,0,0,0,0,0,0,1
Protagonista,B2,1,1,4,0,1,0,17
Protección ciudadana,B2,0,0,0,0,0,0,0
Proteína,B1,0,0,0,0,0,0,1
Proteínas,B2,0,0,0,0,0,0,1
Proyectar,B1,0,0,0,0,0,0,6
Prudente,B2,2,0,2,1,2,0,0
Prueba,B1,4,0,6,3,5,4,52
Prácticas,B1,1,0,0,2,0,3,25
Préstamo,B2,0,0,0,1,0,0,4
Publicarse,B1,0,0,0,0,0,0,0
Pudrirse,B2,0,0,0,0,0,0,0
Pueblo,A1-A2,31,25,57,46,14,1,38
Puente,B1,0,2,1,4,0,7,5
Puente aéreo,B2,0,2,0,0,0,0,1
Puerta,A1-A2,31,77,86,79,62,52,25
Puerta de embarque,A1-A2,0,0,0,0,0,0,0
Puerto,A1-A2,1,5,8,12,20,1,16
Puerto Rico,A1-A2,0,0,0,0,0,0,1
Puertorriqueño,A1-A2,0,0,0,0,0,0,3
Puesto de trabajo,B1,0,0,0,0,0,0,6
Pulsaciones,B2,0,0,0,0,0,0,0
Pulsera,A1-A2,0,1,2,1,0,1,0
Punto,A1-A2,8,4,25,27,19,17,87
Puntual,A1-A2,1,1,0,1,1,0,3
Puré,A1-A2,0,0,0,0,0,0,0
Página web,A1-A2,0,0,1,0,0,0,2
Pájaro,A1-A2,4,7,11,8,31,16,4
Pérdida,B2,1,0,0,0,1,4,22
Póquer,B2,0,0,0,0,0,0,0
Quedar,B1,78,68,59,63,107,87,115
Quedar apretado,B2,0,0,0,0,0,0,0
Quedar bien,B1,1,0,0,0,0,0,2
Quedar con,A1-A2,4,4,1,0,2,6,2
Quedar con gente,A1-A2,0,0,0,0,0,0,0
Quedar estrecho,B1,0,0,0,0,0,0,0
Quedar grande,B1,0,0,0,0,0,0,0
Quedar mal,B1,0,0,0,0,0,0,0
Quedarse en blanco,B1,0,0,0,0,0,0,0
Quedarse huérfano,B2,0,0,0,0,0,0,0
Quedarse mudo,B2,0,0,0,0,0,0,0
Quesito,B1,0,0,0,0,0,0,0
Queso,B1,2,3,8,0,1,0,1
Queso fresco,A1-A2,0,1,0,0,0,0,0
Queso rallado,B2,0,0,0,0,0,0,0
Quince,A1-A2,6,7,12,1,6,1,26
Quincuagésimo,A1-A2,0,0,0,0,0,0,0
Quiniela,B2,0,0,0,0,0,0,0
Quinientos,A1-A2,2,2,1,0,6,0,3
Quinto,A1-A2,0,0,3,3,6,0,20
Quiosco,A1-A2,0,1,2,0,0,0,0
Quisquilloso,B2,0,0,0,0,0,0,0
Quitar el polvo,B1,0,0,0,0,0,0,0
Quitar la mesa,B1,0,0,0,0,0,0,0
Quitarse,A1-A2,0,0,0,0,0,0,0
Quitarse ropa,A1-A2,0,0,0,0,0,0,0
Qué hora es,A1-A2,1,1,1,1,0,0,0
Químico,B2,5,0,2,1,0,0,12
Radiaciones ultravioletas,B1,0,0,0,0,0,0,1
Radiación,B2,0,0,0,0,0,0,7
Radio,B1,3,7,1,3,0,2,22
Radioactividad,B2,0,0,0,0,0,0,0
Radiografía,B2,0,0,0,0,0,0,1
Rama,B1,2,0,5,5,17,8,2
Ramo,B1,0,0,1,0,0,2,1
Raqueta,A1-A2,0,0,0,0,0,0,1
Ratón,B1,0,0,13,0,5,0,0
Rayas,B1,0,0,0,1,0,1,1
Rayos solares,B2,0,0,0,0,0,0,0
Raíz,B1,0,0,5,3,5,0,6
Realismo,B2,1,0,0,0,0,0,0
Realización de una película,B2,0,0,0,0,0,0,0
Rebajado,B2,0,0,0,0,0,0,0
Rebajar,B2,0,0,0,0,0,0,5
Rebajas,B1,0,0,1,0,0,0,11
Rebozado,B2,0,0,0,0,0,0,0
Recepcionista,A1-A2,7,1,3,0,0,0,0
Recepción,A1-A2,4,1,6,0,0,1,3
Receta,A1-A2,0,3,0,0,3,2,1
Recetar,A1-A2,0,0,0,1,0,0,0
Recibidor,A1-A2,1,0,0,7,1,0,0
Recibir un mensaje,A1-A2,0,0,0,0,0,0,0
Recibir una llamada,B1,0,0,0,0,0,0,0
Recibo,B2,2,0,1,0,0,0,3
Reciclado,B1,0,0,0,0,1,0,0
Reciclar,B2,0,0,0,0,0,0,3
Recogedor,B1,0,0,0,0,0,0,0
Recoger,B1,10,11,25,6,11,12,21
Recoger el equipaje,A1-A2,0,0,0,0,0,0,0
Recoger la mesa,A1-A2,0,0,0,0,0,1,0
Recogerse el pelo,B2,0,0,0,0,0,0,0
Recolectar,B1,0,0,0,0,0,0,0
Recordar,B1,13,31,30,26,14,12,58
Recorrer,B1,1,3,1,3,8,2,9
Recortarse la barba,B2,0,0,0,0,0,0,0
Rectangular,B1,0,0,0,0,0,0,0
Rector,B2,0,0,0,0,0,0,3
Rectángulo,B1,0,1,0,0,0,0,0
Recuperación,B1,1,0,1,0,0,0,8
Recursos,B2,1,0,1,4,0,2,37
Recursos naturales,B1,0,0,0,0,0,0,2
Red,B1,0,0,3,0,3,0,19
Red de transportes,B2,0,0,0,0,0,0,0
Redacción,B2,0,0,1,0,0,0,1
Redactor,B2,0,0,3,0,0,0,0
Reducir,B1,0,0,0,0,1,1,37
Reducir la velocidad,B1,0,0,0,0,0,0,0
Reenviar,B1,0,0,0,0,0,0,0
Reflexionar,B1,0,0,0,5,1,3,3
Refresco,B1,0,1,0,0,0,0,2
Regalo,B1,3,2,9,4,10,7,11
Regar,B1,0,0,1,0,0,2,1
Región,A1-A2,2,5,1,4,4,0,30
Regulación,B2,0,0,0,0,0,0,5
Rehogado,B1,0,0,0,0,0,0,0
Rehogar,B1,0,0,0,0,0,0,0
Relación de pareja,B1,0,0,0,0,0,0,0
Relación virtual,B2,0,0,0,0,0,0,0
Relajarse,B1,0,0,0,0,0,0,0
Rellenar una solicitud de empleo,B2,0,0,0,0,0,0,0
Reloj,A1-A2,2,9,18,14,11,8,16
Relámpago,A1-A2,0,0,0,0,1,0,1
Remitente,B1,0,0,0,0,0,0,0
Renovación de contrato,B2,0,0,0,0,0,0,0
Renovar,B2,0,0,0,0,0,0,6
Renta fija,B2,0,0,0,0,0,0,0
Renta variable,B2,0,0,0,0,0,0,0
Rentabilidad,B2,0,0,0,0,0,0,2
Reparación,B2,0,0,1,0,1,0,3
Reparar,B1,1,0,1,3,1,1,2
Repartidor,B2,0,0,0,0,0,0,1
Reparto,B2,0,0,0,0,0,0,5
Reparto del correo,B1,0,0,0,0,0,0,0
Repasar,A1-A2,0,0,0,1,0,1,2
Repetir,B1,3,10,13,11,9,17,15
Reportero,B2,0,0,1,0,0,0,1
Representar,B2,2,1,2,4,2,6,31
Reproducción,B2,0,2,0,0,1,0,4
Reptil,B1,0,0,4,0,0,0,4
República Dominicana,A1-A2,0,0,0,0,0,0,4
Reserva,A1-A2,0,2,1,0,1,0,18
Reservado,A1-A2,2,0,0,4,0,0,1
Reservar una habitación,A1-A2,0,0,0,0,0,0,0
Reservar una mesa,A1-A2,0,0,0,0,0,0,0
Residuo,B2,0,1,0,1,0,0,2
Resignarse,B2,0,0,0,0,0,0,0
Resignarse a,B2,0,0,0,1,1,0,0
Respetar,B1,1,0,2,0,3,0,11
Restaurante de tres tenedores,B2,0,0,0,0,0,0,0
Restañar las heridas,B2,0,0,0,0,0,0,0
Resultado,B2,4,3,4,8,2,2,71
Retirarse,B2,0,0,0,0,0,0,0
Retoque,B2,0,0,0,0,0,1,4
Retransmisión deportiva,B1,0,0,0,0,0,0,0
Retransmitir un partido,B1,0,0,0,0,0,0,0
Retraso,A1-A2,5,0,1,1,1,1,4
Retrato robot,B2,0,0,0,0,0,0,0
Retrete,A1-A2,0,0,0,0,0,0,0
Reunirse,A1-A2,0,0,0,0,0,0,0
Reunión,A1-A2,9,8,3,3,1,1,54
Reutilizar,B1,0,0,0,0,1,0,0
Revelar,B2,0,1,0,3,2,0,10
Revisar,B1,0,1,0,0,2,1,7
Revisión,B1,0,0,0,0,0,1,6
Revisión de examen,B2,0,0,0,0,0,0,0
Revisión ginecológica,B2,0,0,0,0,0,0,0
Revisor,A1-A2,0,0,0,0,0,0,0
Revista,B2,5,4,9,1,0,1,9
Rico,B2,19,8,13,7,16,6,13
Riesgo,B2,1,1,0,1,0,0,19
Riqueza,B1,1,0,1,1,2,2,6
Rival,B2,1,0,1,0,0,0,49
Riñón,B2,0,0,0,0,0,1,1
Robo,B1,3,21,1,0,0,0,5
Rock,A1-A2,2,0,0,0,0,0,2
Rodaje,B2,0,0,0,0,0,0,1
Rodar,B2,1,1,0,2,6,7,0
Rodilla,B1,19,1,3,5,2,19,7
Rojo,A1-A2,4,16,23,10,31,66,26
Romero,B2,11,0,0,2,0,0,7
Romper con,B1,1,0,0,1,0,0,1
Romántico,B2,8,2,1,1,2,2,4
Ropa de fiesta,B2,0,0,0,0,0,0,0
Ropa interior,A1-A2,0,0,0,1,0,0,0
Rotonda,B2,0,0,0,0,0,0,0
Rotulador,A1-A2,0,0,0,0,0,9,0
Rubio,A1-A2,1,12,10,4,3,12,5
Rueda,B1,0,10,3,2,5,10,25
Rueda de prensa,B2,0,1,0,0,0,0,15
Rueda pinchada,B1,0,0,0,0,0,0,0
Rumor,B2,0,6,2,5,4,0,9
Rural,B1,0,0,0,0,0,0,11
Régimen de alquiler,B2,0,0,0,0,0,0,0
Río,A1-A2,2,5,29,8,25,25,15
Saber,A1-A2,190,253,190,152,157,137,130
Saber bien,B1,0,0,0,1,0,1,0
Saber fatal,B1,0,0,0,0,0,0,0
Saber fenomenal,B1,0,0,0,0,0,0,0
Saber mal,B1,0,0,1,0,0,1,0
Saberse todo al dedillo,B2,0,0,0,0,0,0,0
Sabor,B1,0,0,2,2,2,1,3
Sabroso,B2,0,0,3,0,2,1,2
Sacapuntas,A1-A2,0,0,0,0,0,0,0
Sacar al perro,A1-A2,0,0,0,0,0,0,0
Sacar buena nota,B1,0,0,0,0,0,0,0
Sacar conclusiones,B1,0,0,0,0,0,0,0
Sacar fotos,B1,0,0,1,0,0,0,0
Sacar la basura,B1,0,1,0,0,0,0,0
Sacar los trapos al sol,B2,0,0,0,0,0,0,0
Sacar los trapos sucios,B2,0,0,0,0,0,0,0
Sacar mala nota,B1,0,0,0,0,0,0,0
Sacar un sobresaliente,B2,0,0,0,0,0,0,0
Sacarse algo de la manga,B2,0,0,0,0,0,0,0
Saco de dormir,B1,0,0,0,0,0,0,0
Sala de cine,B1,0,0,0,0,0,0,0
Sala de espera,A1-A2,0,0,0,0,0,0,0
Salado,B2,0,0,0,0,0,0,0
Salami,A1-A2,0,0,0,0,0,0,0
Salario,A1-A2,4,1,1,1,0,0,9
Salchicha,A1-A2,0,0,0,0,0,0,0
Salchichón,B1,0,0,0,0,0,0,0
Saldo,B1,0,0,0,0,0,0,6
Salero,A1-A2,0,0,0,0,0,0,0
Salida,A1-A2,7,2,6,7,3,2,22
Salida de emergencia,A1-A2,0,0,0,0,0,0,0
Salir,A1-A2,85,123,92,68,100,66,54
Salir con,B1,3,7,6,1,0,1,3
Salir de fiesta,B1,0,0,0,0,0,0,0
Salir de marcha,B1,0,0,0,0,0,0,0
Salir de paseo,B1,0,0,0,0,0,0,0
Salir un artículo gratis,B2,0,0,0,0,0,0,0
Salirse de la carretera,B2,0,0,0,0,0,0,0
Salmonete,B2,0,0,0,0,0,0,0
Salmón,A1-A2,0,0,1,0,0,0,0
Salsa,A1-A2,0,1,6,0,0,7,1
Salsa de tomate,A1-A2,0,0,3,0,0,0,0
Saltar,B1,2,5,4,2,28,11,16
Salto de altura,B2,0,0,0,0,0,0,1
Salto de vallas,B2,0,0,0,0,0,0,0
Saludable,B2,0,0,0,0,0,0,3
Salvadoreño,A1-A2,0,0,0,0,0,0,2
Salvaje,B1,0,0,0,1,10,3,8
Salón comedor,A1-A2,0,0,0,0,0,0,0
Sandalia,B1,0,0,0,0,0,0,0
Sandía,B1,0,0,0,0,0,0,0
Sangre,A1-A2,9,2,10,14,3,10,10
Sano,A1-A2,2,0,6,2,6,1,6
Sardina,A1-A2,0,0,0,0,2,0,0
Satisfacción,B1,1,0,0,1,2,1,5
Satisfacer,B1,1,0,0,0,2,0,3
Satisfecho,B1,6,1,1,5,8,3,8
Satélite,A1-A2,0,0,0,0,0,0,2
Saxofonista,B1,0,0,0,0,0,0,0
Saxofón,B1,0,0,0,0,0,1,0
Sazonar,B2,0,0,0,0,0,0,0
Secador,A1-A2,0,0,0,0,0,0,0
Secarse,A1-A2,0,0,0,0,0,0,0
Secarse el pelo,A1-A2,0,0,0,0,0,0,0
Seco,A1-A2,5,2,11,7,0,14,4
Secretaría,B1,0,0,0,0,0,0,3
Secuencia,B2,0,0,0,0,0,0,1
Secuestrar,B1,0,0,1,0,0,0,2
Secuestro,B1,0,0,1,0,0,0,7
Sed,A1-A2,0,6,5,2,6,1,1
Seda,B1,2,2,7,3,7,5,2
Seguidor,B1,0,0,0,0,0,0,13
Seguir la pista,B2,0,0,0,0,0,0,1
Segunda mano,B1,0,1,0,0,0,0,0
Segundo,A1-A2,14,18,25,11,18,14,133
Segundo plato,A1-A2,0,0,0,0,0,0,0
Segundo tiempo,B1,0,0,0,0,0,0,3
Seguridad,B2,6,5,9,8,4,4,41
Seguro,B1,17,48,28,9,17,27,26
Seguro a terceros,B2,0,0,0,0,0,0,0
Seguro a todo riesgo,B1,0,0,0,0,0,0,0
Seguro de vida,B1,0,0,0,0,0,0,1
Seguro obligatorio,B2,0,0,0,0,0,0,0
Seis,A1-A2,15,21,15,9,13,8,50
Seiscientos,A1-A2,2,0,0,0,2,0,0
Sello,B1,1,0,0,1,0,0,3
Sembrar,B1,0,0,1,0,0,0,3
Semilla,B1,0,0,1,0,8,0,1
Semillero,B1,0,0,0,0,0,0,0
Senderismo,A1-A2,0,0,0,0,0,0,0
Senderista,B1,0,0,0,0,0,0,2
Sensaciones,B2,1,2,1,9,3,6,7
Sensibilidad,B2,2,0,0,2,0,0,8
Sensible,B2,1,0,0,2,2,4,7
Sentar bien,B1,0,0,0,0,0,0,0
Sentar mal,B1,0,2,0,0,0,0,0
Sentarse,A1-A2,0,0,0,0,0,0,0
Sentarse a comer,B2,0,0,0,0,0,0,0
Sentarse a la mesa,B2,0,0,0,0,0,0,0
Sentencia,B2,1,0,0,0,2,0,17
Sentido figurado,B2,0,0,0,0,0,0,0
Sentido literal,B2,0,0,0,0,0,0,0
Sentido metafórico,B2,0,0,0,0,0,0,0
Sentir respeto,B2,0,0,0,0,0,0,0
Sentirse bien,B1,0,0,0,0,0,0,0
Sentirse con ánimo,B2,0,0,0,0,0,0,0
Sentirse dolido,B2,0,0,0,0,0,0,0
Sentirse débil,B1,0,0,0,0,0,0,0
Sentirse mal,B1,0,0,0,0,0,0,0
Separación,B1,0,0,2,0,0,1,7
Separación de poderes,B2,0,0,0,0,0,0,0
Separado,B1,1,0,3,2,0,1,1
Separarse,B1,0,0,0,0,0,0,0
Septiembre,A1-A2,0,3,2,0,0,0,15
Septuagésimo,A1-A2,0,0,0,0,0,0,0
Sequía,B2,0,0,0,0,0,0,2
Ser como de la familia,B2,0,0,0,0,0,0,0
Ser condenado,B1,0,0,0,0,0,0,5
Ser coser y cantar,B2,0,0,0,0,0,0,0
Ser de dominio público,B2,0,0,0,0,0,0,0
Ser el vivo retrato de alguien,B2,0,0,0,0,0,0,0
Ser más corto que las mangas de un chaleco,B2,0,0,0,0,0,0,0
Serie,B1,2,5,1,7,0,0,25
Serio,A1-A2,9,16,13,12,21,14,20
Serpiente,B1,0,1,3,0,10,3,1
Servicio de atención al cliente,B2,0,0,0,0,0,0,0
Servicio de habitaciones,A1-A2,0,0,0,0,0,0,0
Servicio de seguridad,B2,0,0,0,0,0,0,0
Servicio postal,B1,0,0,0,0,0,0,0
Servicios financieros,B2,0,0,0,0,0,0,0
Servidor de acceso,B2,0,0,0,0,0,0,0
Servilleta,A1-A2,0,0,0,0,0,3,0
Sesenta,A1-A2,5,2,2,4,0,1,6
Sesión,B1,0,0,0,0,0,1,9
Setecientos,A1-A2,0,0,0,1,2,0,0
Setenta,A1-A2,1,1,1,0,2,0,1
Sexagésimo,A1-A2,0,0,0,0,0,0,0
Sexto,A1-A2,0,1,2,1,2,2,7
Sexto sentido,B2,0,0,0,1,0,0,0
Señal de tráfico,B1,0,0,0,0,0,0,0
Siete,A1-A2,5,11,11,8,22,5,32
Silbato,B1,0,0,0,1,0,1,0
Silla,A1-A2,4,20,5,17,11,34,8
Sillón,A1-A2,3,3,3,1,1,13,1
Simpático,A1-A2,3,11,3,0,7,3,1
Sin conservantes ni colorantes,B2,0,0,0,0,0,0,0
Sin hueso,B2,0,0,1,0,0,0,0
Sinagoga,B1,0,18,0,0,0,0,0
Sincero,B2,0,0,0,0,1,2,2
Sindicato,B1,0,0,0,0,0,0,27
Sistema antivirus,A1-A2,0,0,0,0,0,0,0
Sistema nervioso,B2,0,0,1,0,0,0,1
Snowboard,B1,0,0,0,0,0,0,0
Sobre,A1-A2,75,35,97,117,127,136,335
Sobreexplotación,B2,0,0,0,0,0,0,1
Sobrepeso,B1,0,0,0,0,0,0,0
Sobrino,A1-A2,0,3,0,0,0,2,1
Sociable,A1-A2,0,0,0,0,0,0,0
Socio,B2,0,21,0,1,0,2,18
Sofreír,B1,0,0,0,0,0,0,0
Sofrito,B1,0,0,0,0,0,0,0
Sofá,A1-A2,1,8,0,1,0,8,0
Sol,A1-A2,9,27,33,27,65,24,27
Soleado,B1,0,0,3,1,0,0,1
Solicitar una beca,B1,0,0,0,0,0,0,0
Solidario,B2,0,0,1,0,0,0,6
Solomillo,B1,0,0,0,0,0,0,0
Solomillo de ternera,B1,0,0,0,0,0,0,0
Soltero,B1,0,2,2,1,0,0,2
Sombrero,A1-A2,1,1,7,15,15,1,2
Sombrilla,B1,0,0,0,0,0,0,0
Sonido,B1,2,0,3,5,8,7,1
Sopa,A1-A2,0,1,0,2,1,1,4
Sopera,B2,0,0,0,0,0,0,0
Soplar,B1,1,0,1,1,3,0,1
Soportar,B1,3,1,1,3,9,6,6
Sordo,B2,0,9,1,3,1,2,4
Sorprenderse,B2,0,0,1,0,0,0,0
Sorprenderse de,B2,0,0,0,0,0,0,0
Soso,B2,0,1,0,0,0,0,0
Sospechar,B1,2,2,3,2,1,0,4
Sospechoso,B2,1,1,1,1,0,0,4
Sostenible,B2,0,0,0,0,0,0,5
Stop,B1,0,0,0,0,0,0,0
Suave,B1,5,1,1,5,3,14,5
Subida salarial,B1,0,0,0,0,0,0,0
Subir,B2,23,29,21,14,33,22,33
Subir el interés,B1,0,0,0,0,0,0,0
Subir el precio,B1,0,0,0,0,0,0,1
Subir la temperatura,A1-A2,0,0,0,0,0,0,0
Subtitulado,B2,0,0,0,0,0,0,0
Subtítulo,B2,0,0,0,0,0,0,0
Suceso,B2,5,0,1,0,0,1,3
Sucio,B1,4,1,4,4,6,4,8
Sudar,B1,0,0,1,0,1,0,0
Suegro,B2,0,0,0,0,0,0,0
Sueldo,B1,0,1,4,1,0,0,4
Suelo,A1-A2,33,35,23,21,34,30,22
Suerte,B2,19,22,11,6,24,4,15
Sujetador,A1-A2,0,0,0,0,0,0,0
Superficie,B1,0,0,1,1,6,0,3
Suplantación de identidad,B2,0,0,0,0,0,0,0
Suplemento,A1-A2,0,0,0,0,0,0,1
Supositorio,B2,0,0,0,0,0,0,0
Sur,A1-A2,2,1,3,1,3,6,37
Surrealismo,B2,0,0,0,0,0,0,0
Susceptible,B2,0,0,0,0,0,0,2
Suscribirse a un periódico,B2,0,0,0,0,0,0,0
Suspender,B1,0,0,0,1,0,1,7
Suspender un examen,A1-A2,0,0,0,0,0,0,0
Sustentable,B2,0,0,0,0,0,0,0
Sustituto,B1,0,1,0,1,0,0,3
Sustraer,B2,0,0,0,0,0,0,0
Sábado,A1-A2,4,5,5,2,0,14,31
Sábana,A1-A2,0,0,1,0,2,3,1
Sándwich,A1-A2,0,0,0,0,0,0,0
Sándwich mixto,A1-A2,0,0,0,0,0,0,0
Séptimo,A1-A2,1,0,0,0,0,1,14
Símbolo químico,B2,0,0,0,0,0,0,0
Síntoma,B2,1,0,0,0,0,0,4
Tabique,B2,0,0,0,2,0,2,0
Tabla,B2,2,0,0,0,2,8,14
Tabla de embutidos,B1,0,0,0,0,0,0,0
Tabla de planchar,B1,0,0,0,0,0,0,0
Tablero,B2,0,0,0,1,1,0,1
Tacto,B2,0,0,0,0,1,0,0
Talla,B2,0,1,0,1,1,0,1
Tallar,B2,0,0,0,0,3,0,0
Talonario de cheques,B2,0,0,0,0,0,0,0
Tambor,B1,1,0,0,0,2,1,1
Tango,A1-A2,0,0,3,0,0,0,0
Tanto gusto,A1-A2,0,0,0,0,0,0,0
Tapas,B1,2,2,2,2,3,3,0
Tapear,B2,0,0,0,0,0,0,0
Tapete,B2,0,0,0,0,0,0,0
Taquilla,B2,0,0,0,0,0,5,0
Tardar,B1,1,1,2,2,5,9,7
Tareas domésticas,B1,0,0,0,0,0,0,0
Tarifa,B1,1,0,1,0,0,0,3
Tarifa de celular,B1,0,0,0,0,0,0,0
Tarifa plana,B2,0,0,0,0,0,0,0
Tarima,B2,0,0,0,1,0,0,0
Tarjeta de crédito,B1,0,0,1,0,0,0,5
Tarjeta de embarque,A1-A2,0,0,0,0,0,0,0
Tarjeta de memoria,B1,0,0,0,0,0,0,0
Tarjeta de móvil,B1,0,0,0,0,0,0,0
Tarjeta extraíble,B2,0,0,0,0,0,0,0
Tarrina de mantequilla,A1-A2,0,0,0,0,0,0,0
Tarro,A1-A2,0,0,2,1,1,1,0
Tarro de mermelada,A1-A2,0,0,0,0,0,0,0
Tarta,B1,0,0,0,0,0,13,1
Tarta de chocolate,A1-A2,0,0,0,0,0,0,0
Tarta de manzana,A1-A2,0,0,0,0,0,0,0
Tatarabuelo,B2,0,0,0,0,0,0,0
Tataranieto,B2,0,0,0,0,0,0,0
Taxi,A1-A2,3,42,17,1,0,1,2
Taxista,A1-A2,1,15,5,0,0,0,8
Taza,A1-A2,0,4,4,2,4,1,2
Taza de váter,A1-A2,0,0,0,0,0,0,0
Teatro,A1-A2,6,7,2,6,3,3,5
Techo,A1-A2,2,0,5,13,9,8,3
Teclado,B1,1,0,0,0,0,9,1
Tejido,B1,0,0,0,1,1,2,4
Teleadicto,B2,0,0,0,0,0,0,0
Telebasura,B1,0,0,0,0,0,0,0
Telegrama,B2,0,1,0,2,0,1,0
Telenovela,B1,0,0,0,0,0,0,3
Teleobjetivo,B2,0,0,0,0,0,0,0
Telescopio,B2,0,0,0,0,3,0,1
Televisión,A1-A2,3,3,7,0,0,9,28
Televisión digital,B2,0,0,0,0,0,0,0
Televisión por cable,B2,0,0,0,0,0,0,1
Televisión vía satélite,B2,0,0,0,0,0,0,0
Televisor,A1-A2,1,0,0,0,0,0,7
Teléfono,B1,23,29,34,6,2,16,7
Teléfono celular,A1-A2,0,0,0,0,0,0,0
Teléfono estropeado,A1-A2,0,0,0,0,0,0,0
Teléfono fijo,B2,0,0,0,0,0,0,0
Teléfono móvil,B2,0,1,1,0,0,0,0
Teléfono público,A1-A2,0,1,0,0,0,0,0
Telón,B2,0,0,0,0,0,0,1
Tema de actualidad,B2,0,0,0,0,0,0,0
Temor,B2,4,0,1,6,2,2,9
Temperatura,B1,0,1,0,1,0,2,14
Templado,A1-A2,1,0,2,0,0,0,1
Temporada,B2,2,1,2,4,1,1,49
Temporada alta,A1-A2,0,0,0,0,0,0,0
Temporada baja,A1-A2,0,0,0,0,0,0,0
Temporada teatral,B2,0,0,0,0,0,0,0
Temática,B2,0,0,0,0,0,0,1
Tendencia,B2,0,0,0,4,0,0,12
Tender la ropa,B1,0,0,0,0,0,0,0
Tenedor,A1-A2,0,1,0,0,0,4,0
Tener buen carácter,B1,0,0,0,0,0,0,0
Tener buen expediente,B2,0,0,0,0,0,0,0
Tener buen humor,A1-A2,0,0,0,0,0,0,0
Tener confianza,B2,0,0,0,0,0,0,1
Tener empleados a su cargo,B2,0,0,0,0,0,0,0
Tener envidia,B2,0,0,0,0,0,3,0
Tener hambre,A1-A2,1,5,1,2,6,0,0
Tener la sartén por el mango,B2,0,0,0,0,0,0,0
Tener mal carácter,B1,0,2,0,0,0,0,0
Tener mal humor,A1-A2,0,0,0,0,0,0,0
Tener novio,B1,0,2,0,0,0,0,0
Tener sed,A1-A2,0,2,0,0,0,0,0
Tener sentido del humor,B1,0,0,0,0,0,1,0
Tener suelto,B1,0,0,0,0,0,0,0
Tener sueño,A1-A2,0,3,3,0,1,0,0
Tener tacto,B2,0,0,0,0,0,0,0
Tener un examen,A1-A2,0,0,0,0,0,0,0
Tener un pelo de tonto,B2,0,0,0,0,0,0,0
Tener una coartada,B2,0,0,0,0,0,0,0
Tener una corazonada,B2,0,0,0,0,0,0,0
Tener una pista,B2,0,0,0,0,0,0,0
Tener una salud de hierro,B2,0,0,0,0,0,0,0
Tenis,A1-A2,0,1,2,0,0,0,11
Tenista,A1-A2,0,0,0,0,0,0,8
Tensión alta,B2,0,0,0,0,0,0,0
Tensión arterial,B2,0,0,0,0,0,0,0
Tensión baja,A1-A2,0,0,0,0,0,0,0
Tercero,A1-A2,5,8,12,9,16,5,51
Terminal,A1-A2,0,1,4,1,0,0,0
Termómetro,B1,0,1,0,0,0,0,1
Ternera,A1-A2,0,0,0,0,0,0,0
Terraza,A1-A2,0,1,0,0,0,0,0
Terremoto,B1,0,0,0,0,0,0,3
Tesis de maestría,B2,0,0,0,0,0,0,0
Tesis doctoral,B2,1,0,0,0,0,0,0
Testificar,B1,0,0,0,0,0,0,0
Testigo,B2,1,1,1,3,1,0,8
Tiburón,B1,0,0,0,0,0,0,0
Tiempo atmosférico,A1-A2,0,0,0,0,0,0,0
Tiempo libre,A1-A2,0,2,1,0,0,0,4
Tiempo parcial,B2,0,0,0,0,0,0,5
Tienda de campaña,B1,0,0,0,0,0,0,0
Tierra,A1-A2,24,6,44,20,47,5,36
Tigre,B1,0,2,1,0,4,1,3
Tijeras,A1-A2,0,0,1,0,2,0,0
Tipo de interés,B2,0,0,0,0,0,0,2
Tirar de la cadena,A1-A2,0,0,0,0,0,0,0
Tirar el dado,B2,0,0,0,0,0,0,0
Tirarse en trineo,B1,0,0,0,0,0,0,0
Tirita,B1,1,0,0,0,0,0,0
Tiro con arco,B2,0,0,0,0,0,0,0
Tirón muscular,B2,0,0,0,0,0,0,0
Titular,B2,1,2,0,1,0,0,27
Tiza,A1-A2,0,0,0,0,2,0,1
Toalla,A1-A2,0,0,4,1,0,2,0
Toalla de baño,A1-A2,0,0,0,0,0,0,0
Toalla de lavabo,A1-A2,0,0,0,0,0,0,0
Tobillera,B1,0,0,0,0,0,0,0
Tobillo,B1,0,0,4,0,1,1,2
Tobogán,B2,0,0,1,0,0,0,2
Tocar,A1-A2,15,12,22,10,17,39,22
Tocar la lotería,B2,0,1,0,0,0,0,0
Tocar un instrumento,B1,0,0,0,0,0,0,0
Tolerante,A1-A2,0,0,0,1,0,0,1
Tomar,B1,44,55,37,49,17,12,53
Tomar algo,A1-A2,2,7,2,0,0,0,0
Tomar el sol,B1,0,5,2,0,1,0,0
Tomar fotos,B1,0,0,0,0,0,0,0
Tomar la temperatura,A1-A2,0,0,0,0,0,0,0
Tomar la tensión,B2,0,0,0,0,0,0,0
Tomar nota,A1-A2,0,0,0,0,0,1,0
Tomate,A1-A2,0,1,23,0,2,5,1
Tomillo,B2,0,0,0,1,0,0,0
Tomografía,B2,0,0,0,0,0,0,2
Torcerse el tobillo,B2,0,0,0,0,0,0,0
Tormenta,A1-A2,2,0,3,4,1,3,4
Torneo,B2,0,0,0,0,0,0,28
Toro,B1,1,1,3,0,0,0,2
Tortilla,A1-A2,1,6,2,0,2,0,3
Tortuga,B1,0,0,1,1,0,0,0
Tos,A1-A2,0,0,0,0,0,0,0
Trabajador,B1,1,1,2,1,0,1,26
Trabajador por cuenta ajena,B2,0,0,0,0,0,0,0
Trabajar,A1-A2,19,66,23,19,24,16,50
Trabajar de becario,B2,0,0,0,0,0,0,0
Trabajar en grupo,A1-A2,0,0,0,0,0,0,0
Trabajo,A1-A2,33,59,43,23,17,28,90
Trabajo a tiempo parcial,B2,0,0,0,0,0,0,0
Trabajo remunerado,B2,0,0,0,0,0,0,0
Traducción,B1,0,0,0,1,0,0,2
Traducir,B1,1,0,1,1,0,0,5
Traductor,B1,0,0,0,1,0,0,0
Traer la cuenta,A1-A2,0,0,0,0,0,0,0
Tragedia,B2,0,1,0,4,1,0,8
Tragicomedia,B2,0,0,0,1,0,0,0
Traje,B1,6,6,16,16,5,10,4
Traje chaqueta,B1,0,0,0,0,0,0,0
Tranquilo,B1,19,30,14,8,12,8,2
Transacción,B2,0,0,0,0,0,0,5
Transcurrir,B2,0,1,1,2,1,1,2
Transfusión de sangre,B2,0,0,0,0,0,0,0
Transmisión celular,B2,0,0,0,0,0,0,0
Transporte aéreo,B2,0,0,0,0,0,0,0
Transporte ferroviario,B2,0,0,0,0,0,0,0
Transporte marítimo,B2,0,0,0,0,0,0,0
Transporte público,B2,0,0,0,0,0,0,0
Tranvía,B2,0,0,0,8,0,0,0
Trapo,B1,1,1,1,2,3,4,0
Trasbordador,B2,0,0,0,0,0,0,0
Traspasar un jugador,B2,0,0,0,0,0,0,0
Trasplantar,B1,0,0,0,0,0,0,0
Trastero,A1-A2,0,0,0,0,0,0,0
Tratamiento,B2,0,1,0,0,0,0,6
Traumatólogo,B1,0,0,0,0,0,0,0
Travieso,B1,0,0,0,0,1,0,0
Trayecto,A1-A2,0,0,1,1,0,2,2
Trazo,B2,0,0,0,0,0,0,1
Trece,A1-A2,1,1,1,0,0,0,8
Treinta,A1-A2,8,9,15,6,6,2,3
Tren,A1-A2,0,11,3,1,0,1,4
Tres,A1-A2,37,55,76,43,62,38,133
Trescientos,A1-A2,0,1,0,0,0,0,0
Triangular,B1,0,0,0,0,0,0,0
Tribunal,B2,0,0,0,0,0,0,33
Tribunal Constitucional,B2,0,0,0,0,0,0,2
Trigésimo,A1-A2,0,0,0,0,0,0,1
Trillizo,B2,0,0,0,0,0,0,0
Trineo,B1,0,0,0,0,15,2,0
Tripulación,B2,1,0,0,0,1,0,1
Triste,B1,42,13,19,9,26,15,8
Tristeza,B2,4,1,3,5,6,1,2
Triunfo,B2,3,0,2,1,1,4,43
Triángulo,B1,0,0,0,0,0,0,1
Trocear,B1,0,0,0,0,0,1,0
Trofeo,B2,0,0,0,0,1,0,2
Trompeta,B1,0,0,0,0,0,0,0
Trompetista,B1,0,0,0,0,0,0,0
Tronco,B1,3,0,1,0,16,7,1
Tráfico,B2,5,2,2,0,0,1,16
Trágico,B2,1,1,1,0,0,0,7
Trípode,B1,0,0,0,0,0,0,0
Tsunami,B1,0,0,0,0,0,0,0
Tubo,B2,0,0,0,0,0,4,3
Turismo,A1-A2,1,1,5,0,0,0,16
Turismo cultural,B1,0,0,0,0,0,0,0
Turismo de aventura,B1,0,0,0,0,0,0,0
Turismo de negocios,B1,0,0,0,0,0,0,0
Turismo de sol y playa,B1,0,0,0,0,0,0,0
Turismo rural,B1,0,0,0,0,0,0,0
Turista,B1,1,13,12,1,0,1,5
Turno,B2,0,0,0,1,2,2,6
Táctica,B2,0,0,0,0,0,0,4
Té,A1-A2,0,2,5,0,1,1,0
Tímido,B2,0,2,1,2,1,0,1
Tío,A1-A2,20,14,7,4,6,2,2
Título,B2,5,0,1,0,0,0,34
Ubicación,B1,0,0,0,0,0,0,0
Ultramarinos,A1-A2,0,0,0,1,0,0,1
Undécimo,A1-A2,0,0,0,0,0,0,2
Universidad,B1,4,10,3,3,0,1,30
Universidad privada,B1,0,0,0,0,0,0,0
Universidad pública,B1,0,0,0,0,0,0,0
Universitario,B1,0,2,0,0,0,0,15
Uno,A1-A2,847,1363,1139,1114,1317,1292,2627
Urgencias,A1-A2,0,2,0,3,3,1,5
Urgente,B1,5,6,1,0,2,1,5
Uruguay,A1-A2,0,1,0,0,0,0,11
Uruguayo,A1-A2,0,0,0,0,0,0,4
Uña,B1,1,0,2,2,0,1,1
Vaca,B1,0,0,0,1,8,1,1
Vacaciones,B1,4,43,9,4,2,0,5
Vacuna,B1,1,0,0,0,1,0,3
Vago,B1,0,0,1,4,2,0,0
Vagón,B2,0,1,0,0,0,2,0
Valija,A1-A2,0,0,2,1,0,0,0
Valle,A1-A2,4,0,3,4,1,1,4
Vanguardia,B2,1,4,1,1,0,0,1
Vaqueros,A1-A2,1,2,5,0,0,5,1
Variable,A1-A2,0,0,0,1,0,1,2
Vaso,A1-A2,0,11,3,9,1,2,2
Vegetales,B1,0,0,1,1,0,0,2
Vegetariano,A1-A2,0,0,2,0,0,0,0
Vehículo,B1,0,2,1,0,1,0,17
Veinte,A1-A2,10,11,16,7,3,4,12
Veinticinco,A1-A2,0,4,0,0,2,0,3
Veinticuatro,A1-A2,1,0,1,2,1,0,0
Veintidós,A1-A2,0,0,0,0,0,0,0
Veintinueve,A1-A2,0,0,0,3,0,0,0
Veintiocho,A1-A2,0,1,0,1,2,0,0
Veintisiete,A1-A2,0,0,0,0,0,0,0
Veintiséis,A1-A2,0,0,1,1,0,0,2
Veintiuno,A1-A2,1,0,0,1,1,0,2
Vela,B1,0,0,3,0,2,1,1
Velocidad,B1,2,2,0,2,9,5,19
Velocidad máxima permitida,B1,0,0,0,0,0,0,0
Velocidad permitida,B1,0,0,0,0,0,0,0
Venda,B2,8,9,2,5,10,4,27
Venezolano,A1-A2,0,2,0,0,0,0,22
Venezuela,A1-A2,0,1,1,0,0,0,35
Ventana,A1-A2,4,33,28,42,47,41,10
Ventanilla,A1-A2,1,8,3,0,0,2,3
Ver la televisión,B1,2,0,1,0,0,1,0
Verano,A1-A2,5,12,17,7,6,4,18
Verde,A1-A2,7,22,27,7,22,31,12
Verdulería,A1-A2,0,0,0,0,0,0,0
Verdura,A1-A2,0,3,1,0,2,1,1
Vereda,A1-A2,0,0,1,7,0,0,1
Versión original,B2,0,0,0,0,0,0,0
Verso,B2,6,0,1,4,1,0,1
Vertical,B2,0,0,0,0,0,0,1
Vertidos,B2,0,0,0,0,0,0,2
Vestido,B1,12,12,19,15,17,11,4
Vestir,A1-A2,4,0,8,3,7,5,5
Veterinario,A1-A2,0,0,5,0,1,0,0
Viaje,A1-A2,15,19,25,6,18,12,25
Viaje de novios,B1,0,0,0,0,0,0,0
Viajero,B1,1,0,4,1,2,3,1
Vibrar,B1,0,0,0,1,0,0,4
Vida,A1-A2,50,27,67,53,49,36,121
Videoconferencia,B2,0,0,0,0,1,0,0
Videoteca,B1,0,0,0,0,0,0,0
Vidrio,B1,0,0,0,7,1,0,1
Viejo,A1-A2,22,45,60,47,64,33,23
Vientitrés,A1-A2,0,0,0,0,0,0,0
Viento,A1-A2,17,4,24,6,20,20,11
Viernes,A1-A2,8,12,5,1,0,4,26
Vigilancia,B2,1,1,0,1,0,0,4
Vigilante,B1,0,12,0,31,1,0,4
Vigilar,B1,2,4,4,4,2,0,5
Vigésimo,A1-A2,0,0,0,0,0,0,2
Vinagre,A1-A2,0,0,0,0,0,0,0
Vinagrera,A1-A2,0,0,0,0,0,0,0
Vino,A1-A2,26,8,31,12,4,5,6
Vino blanco,B1,0,1,0,0,0,0,0
Vino blanco seco,B2,0,0,0,0,0,0,0
Vino reserva,B1,0,0,0,0,0,0,0
Vino rosado,B1,0,0,0,0,0,0,0
Vino tinto,B1,2,1,0,1,0,1,0
Violencia,B1,0,1,3,2,0,0,23
Violeta,A1-A2,0,0,1,0,0,2,0
Violinista,B1,0,0,0,0,0,0,1
Violonchelista,B1,0,0,0,0,0,0,0
Violonchelo,B1,0,0,0,0,0,0,0
Violín,B1,0,0,2,0,0,1,0
Virus,A1-A2,0,0,0,0,6,0,30
Visión borrosa,B2,0,0,0,0,0,0,0
Vista,B2,18,7,7,18,7,16,22
Vistas,B1,18,7,7,18,7,16,22
Vistas al mar,A1-A2,1,0,0,0,0,0,0
Vitamina,B1,0,1,2,0,0,0,0
Vitaminas,B2,0,1,2,0,0,0,0
Viudo,B1,1,2,0,5,0,0,1
Vivienda,B1,0,2,0,2,3,4,6
Vivir,A1-A2,25,38,59,37,68,46,66
Vivir en pareja,B1,0,0,0,0,0,0,0
Volante,B1,0,1,1,0,0,1,6
Volcán,B1,0,0,5,0,2,0,0
Volumen,B2,1,2,0,1,1,1,15
Voluntariado,B1,0,0,0,0,0,0,0
Voluntario,B1,0,1,0,0,0,0,0
Volverse loco,B2,2,0,0,1,0,0,0
Voléibol,B2,0,0,0,0,0,0,0
Vuelo,B2,1,15,4,5,16,8,12
Vuelo chárter,B2,0,0,0,0,0,0,0
Vuelo directo,B2,0,0,0,0,0,0,0
Vuelo sin escala,B2,0,0,0,0,0,0,0
Vía,A1-A2,0,3,2,0,0,0,25
Víctima,B2,0,0,1,1,1,2,24
Vídeo,B1,1,1,0,0,1,0,6
Yerno,B2,0,0,1,0,0,0,0
Yogur,B1,0,0,0,0,0,0,0
Yogur de fresa,A1-A2,0,0,0,0,0,0,0
Yogur natural,A1-A2,0,0,0,0,0,0,0
Zanahoria,A1-A2,0,0,1,0,0,2,0
Zapatero a tus zapatos,B2,0,0,0,0,0,0,0
Zapatería,A1-A2,0,0,0,0,0,0,0
Zapatilla,A1-A2,0,0,8,0,4,7,0
Zapatilla de deporte,B1,0,0,2,0,0,2,0
Zapato,A1-A2,9,5,8,5,16,11,2
Zapato de tacón,B1,0,0,0,1,0,0,0
Zapato plano,B1,0,0,0,0,0,0,0
Zapatos abiertos,B2,0,0,0,0,0,0,0
Zapear,B2,0,0,0,0,0,0,0
Zona,A1-A2,2,16,13,1,3,1,54
Zona horaria,A1-A2,0,0,0,0,0,0,0
Zoo,B1,6,0,0,0,1,0,0
Zum,B2,0,0,0,0,0,0,0
Zumo,A1-A2,0,5,2,0,0,1,1
Ácido,B1,0,0,1,0,0,0,7
Águila,B1,0,0,2,0,2,1,3
Álbum,B1,0,0,0,0,0,2,1
Álgebra,B2,0,0,0,0,0,0,0
Ángulo,B2,0,0,0,4,0,1,0
Árbitro,B1,0,0,0,0,0,0,17
Árbol,A1-A2,18,7,32,9,20,23,5
Árbol frutal,B1,0,0,0,0,1,0,0
Área,B2,1,0,1,0,0,0,17
Área de descanso,B2,0,0,0,0,0,0,0
Área de servicio,B1,0,0,0,0,0,0,0
Ático,A1-A2,0,6,0,0,0,0,0
Átomo,B2,0,0,0,0,0,1,0
Írsele el santo al cielo,B2,0,0,0,0,0,0,0
Ópera,A1-A2,2,2,0,0,0,0,1
Órgano,B2,0,0,2,1,1,0,10
Órganos sensoriales,B2,0,0,0,0,0,0,0
